Programme=[Retail],Aperçu du distributeur.=[Approvisionnement.],Afficher par=[ASIN],Pays=[FR],Entreprises=[~ Hama EURL (FR)],Local=[fr_FR],Devise=[EUR],Intervalle des rapports=[Semaine],Champ de vision.=[16/02/2025 - 22/02/2025],Rapport mis à jour=[21/03/2025]
ASIN,"Nom du produit",Marque,"Chiffre d’affaires basé sur les expéditions","COGS expédié","Unités expédiées","Retours client"
B0000AISCF,"Hama Cadre photo en plastique Sevilla (taille du Cadre de 21 x 29,7 cm (DIN 4) avec bordure de 9 mm x 17 mm, pour une photo de 15 x 20 cm) Noir",Hama,"469,06 €","350,30 €",94,
B0BNLLF6YV,"Hama iTuner Hi-FI DIT2105SBTX Dab+ Bluetooth (Tuner Internet Radio FM Dab, Tuner HiFi, Radio numérique, RX/TX, WiFi, Spotify Connect, Amazon Music, App UNDOCK, Port USB, télécommande) Noir",Hama,"398,34 €","398,00 €",2,
B00006IVA8,"Hama Cassette de Nettoyage VHS pour MAGNETOSCOPE (Nettoyeur de tête vidéo lecteurs VHS/S-VHS/VHS-C/S-VHS-C, Liquide de Nettoyage Inclus, Nettoyant de Têtes Vidéo - K7 Nettoyage VHS) Noir",Hama,"364,32 €","418,60 €",46,
B00D2S92L0,"Xavax Hama Boîte de transport pour un gâteau (boîte rond, Ø 31,5 x 8cm, avec diviseur, capote et compartiments, partie de service et gâteau de gâteau) Anthracite/Transparent",xavax,"351,87 €","186,42 €",26,
B00006JAXW,"Hama Plateau Universel Hama Rond (40 cm, Taille XL, Poids supporté 100 kg (idéal pour TV, Enceintes, écrans, appareils de Cuisine) Noir",Hama,"299,88 €","142,44 €",12,1
B00006J4EP,"Hama Boîtier standard (pour CD et disques Blu-Ray, Étui protecteur pour CD, paquet de 10) Noir/Transparent",Hama,"277,13 €","138,75 €",37,
B001JTV1HW,"Hama Boîtier standard (pour DVD, convient également aux CD et aux Blu-ray, avec film pour l'insertion de la jaquette, lot de 5) Transparent",Hama,"227,08 €","127,28 €",43,
B07CLVR52S,"Hama Album photo enfant ""Batzi"" (taille de l'album de 19 x 25 cm, format pour 200 photos 10 x 15 cm, avec 100 pages, papier stratifié, insertion latérale des photos, ours debout) Marron",Hama,"219,84 €","153,36 €",24,
B08HQH5PSV,"Hama Horloge Murale Numérique Jumbo (Radio-pilotée DCF, Très Grand Format d’Affichage, Affichage XL Heure-Date-température int.-humidité, à Suspendre ou Poser) Noir",Hama,"213,28 €","160,00 €",4,
B01N6NQ73J,"Thomson Casque TV avec câble extra long (Casque d'écoute ajustable et rembouré, Cordon 8m, Idéal pour regarder la télé, écouter la musique, contrôle du volume, prise jack 3,5mm+adaptat. 6,35mm) Noir",Thomson,"201,46 €","122,10 €",11,1
B00AJKQ4YC,"Hama 2 Pieds Enceintes Universels (Supports Haut-Parleur, Hauteur réglable Max. 123 cm, antidérapant, Charge Max. 5 kg/Pied, câbles cachés, Haut-parleurs Hi-FI/Stéréo/Home Cinema) Noir",Hama,"196,15 €","120,09 €",3,
B0009V6Q30,"Hama Boîtier Slim (pour CD et disques Blu-ray, ultra mince, avec une feuille pour la couverture, lot de 25) Transparent/Bleu/Orange/Vert/Rouge/Violet",Hama,"179,82 €","145,62 €",18,
B01K47GW46,"Hama Album photo Jumbo ""La Fleur"" 30 x 30 cm (livre photo de 100 pages blanches, album photos souvenirs pour 400 photos au format 10x15 cm, à personnaliser- à coller, Idée Cadeau, motif Feuilles) Noir",Hama,"173,12 €","111,84 €",16,1
B0013IPAJY,"Hama Kit de Nettoyage et de réparation pour CD/DVD (25 ML de pâte de réparation, 45 ML de Liquide nettoyant, 1 Coque de Nettoyage, 5 Chiffons, 8 pièces) Blanc/Bleu/Rouge/Noir",Hama,"171,68 €","115,44 €",8,
B07CKR6PKL,"Hama Album photo enfant ""Batzi"" (taille de l'album de 19 x 25 cm, format pour 200 photos 10 x 15 cm, avec 100 pages, papier stratifié, insertion latérale des photos, ours assis) Marron",Hama,"164,88 €","115,02 €",18,
B01N2RIZMU,"Xavax Socle universel ""Gigant"" (60 x 60 cm, augmentation de 50 cm, socle stable avec compartiment inférieur, pieds réglables en hauteur, socle pour lave-linge/sèche-linge) Blanc",xavax,"143,50 €","94,41 €",1,1
B00G3BMWQA,"Xavax Minuteur à œuf (avec fonction minuterie, sablier, en acier inoxydable) Argent",xavax,"142,31 €","84,17 €",19,
B0015NLFGE,"Hama Chemin de câbles (bande en PVC/Aluminium pour montage mural TV ou au sol, cache-câble demi-rond, 100 x 7 x 2,1 cm, entrée de câble jusqu'à 8 câbles) Gris",Hama,"134,85 €","68,75 €",5,
B0B636GVMW,"Hama Radio numérique DIR3300SBT (Spotify, WLAN/LAN/Dab + / FM, écran Couleur, Fonction USB, réveil et Diffusion Wi-FI, multiroom, télécommande, Application de Radio Gratuite) Blanc",Hama,"133,30 €","98,00 €",1,
B001F4ZWDK,"Hama Pochettes en polypropylène pour CD/DVD, paquet de 75, Transparent",Hama,"129,86 €","56,16 €",12,
B0009V8VAQ,"Hama Etui pour Lecteur et CD (pour Lecteur CD, pour Discman, 3 CD, avec Sortie de câble et Boucle de Ceinture) Noir/Bleu",Hama,"127,09 €","56,21 €",11,
B07HY9LK8J,"Rapoo Clavier multimédia USB Filaire ""N2400"" (filaire, clavier d'ordinateur AZERTY, design, idéal pour les maladroits) Noir",Rapoo,"119,08 €","124,80 €",13,
B0002W5WE0,"Hama Boîtier Slim Double (pour DVD, Convient également aux CD et disques Blu-Ray, Ultra Mince, avec Une Feuille pour la Couverture, Lot de 25) Noir/Transparent",Hama,"113,28 €","88,40 €",8,
B07GCHTZ3B,"Hama Radio numérique DR40BT-PlugIn (Dab/Dab + / FM/Bluetooth/AUX, Radio-réveil intégré, écran rétro-éclairé) Blanc",Hama,"110,42 €","69,00 €",2,
B00006J4G7,"Hama Présentoir de Distributeur de pastilles adhésives (500 coins photos, diamètre de 10 mm, papier/viskose) Transparent",Hama,"109,56 €","76,23 €",33,
B0C5JRX9HV,"Hama Multiprise avec Interrupteur 1.4m (6 Prises typeE, Norme NF, interrupteurs général + indiv. éclairés, Protection Surtensions, Montage Mural, Sécurité Enfants, 3680W/16A) Noir",Hama,"108,30 €","84,45 €",5,1
B00006J4DM,"Hama Adaptateur d'antenne (DIN mâle - ISO Femelle) Argent",Hama,"104,13 €","60,45 €",39,
B0002W5WBS,"Hama Boîtier Slim (pour CD et disques Blu-Ray, Ultra Mince, avec Une Feuille pour la Couverture, Lot de 50) Noir/Transparent",Hama,"98,08 €","50,00 €",4,
B071VWLNZB,"Hama 00137234 Alimentation pour PC",Hama,"97,90 €","51,80 €",5,2
B0000AIS0W,"Hama Cadre photo en plastique Sevilla (taille du Cadre de 30 x 40 cm avec bordure de 9 mm x 17 mm, pour une photo de 20 x 28 cm) Blanc",Hama,"94,92 €","61,20 €",12,
B0009N8L5O,"Trépied Appareil Photo Star 20""",Hama,"89,95 €","73,90 €",5,
B07T4DM8JJ,"Hama Album photos enfant mémo ""Forest"" (livre photo 100 pages à pochettes, 200 photos 10x15 cm, album souvenirs 22,5 x 22 cm, Emplacement CD, Album Motif Renards) Marron/Beige/Vert/Orange/Blanc",Hama,"86,94 €","49,50 €",9,
B00006JA17,"Hama Étuis à négatifs, Papier Cristal, 4 Bandes de 3 négatifs, 6X7 cm pour 3 negatif et jusqu'a 6 X 9 cm pour 2 negatif, 100 pièces",Hama,"84,80 €","62,84 €",4,1
B071ZVN9LP,"Hama Albums photos ""Designline"" (couverture souple, 24 pages pour 24 photos au format 10x15 cm par album, résistant, pour archiver avec des anecdotes, protège la photo, mini album) Multicolore",Hama,"80,50 €","12,32 €",14,
B09MQQM1ZJ,"Xavax Socle machine à laver avec étagère (Support Sèche Linge Lave Linge,Réhausseur de Machines, Base universelle avec Pieds Réglables en hauteur, charge 150 kg) Blanc",Xavax,"73,66 €","52,00 €",1,
B0BL1RN815,"Hama Power Bank 24000 mAh (Batterie Externe, 1 USB C + 2 USB A, Power Pack Fast Charge, Batterie pour Smartphone, Tablette, Haut-Parleur Bluetooth, Voyants LED, Chargeur Portable + Cable 0.25m) Gris",Hama,"70,20 €","51,46 €",2,
B000N8UX88,"Hama Trépied Appareil Photo Star 20""",Hama,"69,29 €","34,60 €",10,1
B000EORX52,"Hama Boîtier Slim (pour CD et disques Blu-Ray, Ultra Mince, avec Une Feuille pour la Couverture, Lot de 25) Transparent",Hama,"69,16 €","41,56 €",4,
B07MPQTNXF,"Xavax Sangle d’arrimage de sécurité avec cliquet pour sèche-linge, Blanc/Gris",xavax,"67,87 €","40,14 €",6,
B001E725JM,"Hama Blu-Ray de Nettoyage (pour tête de Lecture, pour éliminer la poussière dans Les lecteurs de Blu-Ray, Blu-Ray de Nettoyage) Blanc/Bleu/Rouge",Hama,"67,14 €","53,04 €",4,
B00EUSMHE0,"THOMSON Kit Casque sans Fil TVWHP3203D (on-Ear, pour TV/HiFi, Circum-aural, supprimer Bruit Fond, 100 m) Noir",Thomson,"66,72 €","70,18 €",1,1
B0000AI2XV,"Hama Cadre-galerie photo en plastique Madrid (taille de cadre de 25 cm x 55 cm, taille de la photo de 13 cm x 18 cm, 3 photos par cadre, à accrocher, élégant, simple, classique) Noir",Hama,"64,92 €","44,82 €",6,
B00LFHUWLY,"Hama Antenne de Toit pour Voiture, AM/FM et Dab/Dab+ (pour Dab/Dab+, AM/FM, antenne de Toit Flexible, Bande III, Bande L, fiche SMB (f), amplifiée électroniquement, Active, 12 V, pour Voiture) Noir",Hama,"64,17 €","28,01 €",1,
B07T63BHGL,"Hama Album photo ""Hello Panda"" (pour 200 photos au format 10 x 15 cm, petit album de taille 22,5 x 22 cm, 100 pages blanches, panda, avec emplacement pour CD, élégant) Turquoise/Noir/Blanc",Hama,"64,12 €","48,44 €",7,
B000Y138NG,"Hama Boîtier CD ""Slim"" en polypropylène, lot de 20, Transparent",Hama,"64,06 €","35,76 €",6,
B0857M8J9G,"Xavax Kit de superposition universel pour lave-linge/sèche-linge, avec séchoir à linge",xavax,"61,58 €","60,30 €",1,
B08SDTHMQB,"Hama Album Photo bébé ""Our Baby"" personnalisable Scrapbooking (Album photo naissance, baptême, Cadeau d'anniversaire enfant, Style Mémo, 22,5 x 22 cm, 100 Pages, Max. 200 Photos 10x15 cm) Multicolore",Hama,"61,18 €","38,50 €",7,
B01MS2OU9J,"Hama Chambre à air de vélo (Taille de 26"", avec Valve Automatique, Schrader) Noir",Hama,"59,88 €","42,72 €",12,
B07PSPRGMT,"THOMSON Casque TV HQ HED4508 (câble Extra Long de 8 m, Casque stéréo pour TV, réglage du Volume séparé, Embout Filaire, Prise 3,5 mm avec Adaptateur de 6,35 mm) Noir",Thomson,"59,24 €","59,74 €",2,
B0000AISF4,"Cadre tableau sans bordure Clip-Fix 30x40 antireflet",Hama,"58,24 €","17,64 €",4,2
B003O5MK7E,"Hama Passe-partout Premium, noir, 40 x 50 cm pour photo de 30 x 40 cm",Hama,"55,37 €","32,45 €",7,
B0000AI2JY,"Hama Cadre photo en plastique Sevilla (taille du Cadre de 50 x 60 cm avec bordure de 13 mm x 20 mm, pour une photo de 30 x 40 cm) Noir",Hama,"54,89 €","21,66 €",2,1
B07SZ3FCZH,"Hama Album photo mémo ""Forest"" (pour 200 photos au format 10 x 15 cm, album traditionnel enfant de 22,5 x 22 cm, 100 pages blanches, animaux, élégant, emplacement CD) Marron/Beige/Vert/Orange/Jaune",Hama,"54,88 €","20,40 €",4,
B000S8FNTM,"Hama E 80 Enceintes pour Ordinateur - Système Stéréo 2.0, Haut-Parleurs Alimentés en USB, Connexion Jack 3.5mm, Sortie Casque - Noir",Hama,"54,40 €","36,32 €",4,
B06XB3M3NX,"Hama Album photo ""Liam"" (pour 200 photos au format 10 x 15 cm, album traditionnel enfant de 22,5 x 22 cm, 100 pages blanches, tigre, élégant) Marron/Orange/Noir/Blanc",Hama,"54,10 €","32,55 €",5,
B0CLYJQ3YY,"Hama Bras articulé de Telephone (Support articulé, Bras Flexible Smartphone Webcam Mirco Tablette eclairage annulaire, Support Universel Inclus, Fixation de Table à vis, Filetage 1/4"", 70cm Max) Noir",Hama,"53,75 €","54,05 €",5,
B08GS8FVB5,"Hama Destructeur de Documents Basic S6 (Broyeur de Documents, Sécurité P-2, 6 Feuilles, Corbeille 8L, Découpe en Bandes 6mm, 70 DB, M/A Auto, Idéal Bureau & Maison) Noir",Hama,"52,48 €","36,20 €",2,
B0089CJLVA,"Hama Support mural TV Inclinable (pour diagonale d'écran de 81 à 142 cm (32'' et 56""), pour un maximum de 30 kg, VESA jusqu'à 400 x 400, 3 étoiles) Noir",Hama,"52,48 €","37,88 €",2,
B00005YVI3,"Hama Étuis à négatifs, polypropylène, 7 bandes de 6 négatifs, 24x36cm, 100 pièces",Hama,"51,24 €","29,12 €",1,
B0CKJ46BFN,"Xavax Porte-capsules de café pour Tassimo (Distributeur de capsules à café, Support Rangement pour 26 capsules, Présentoir à Capsules Tassimo) Noir mat",Xavax,"49,98 €","34,32 €",3,
B00006IVVB,"Hama Boîtier standard double (pour CD et disques Blu-Ray, Étui protecteur pour CD, paquet de 10) Noir/Transparent",Hama,"49,92 €","37,20 €",6,
B0009V8WNW,"Hama Pochettes de Protection (en Papier pour CD/DVD/Blu-Ray, verrouillables, Lot de 100) Blanc/Transparent",Hama,"49,85 €","15,15 €",5,
B06X9NRXV9,"Hama Album photo vierge ""Lazise"" (album photo traditionnel 29 cm x 32 cm, 50 pages blanches, pour 250 photos 10 cm x 15 cm, format maximum 28 cm x 31 cm) Doré/Blanc",Hama,"49,74 €","27,93 €",3,
B07GLF5SMF,"Hama Album Photo ""Fine Art"" (format 30 x 30 cm, 100 pages noires, sans spirale) Noir",Hama,"48,30 €","20,06 €",2,
B0000AHIED,"Hama Cadre Photo Clip-Fixe (sans Bordure, 20 x 20 cm, Reflex) Blanc",Hama,"46,48 €","30,24 €",14,
B003LTLSFS,"Hama Chemin de câbles (Bande en Aluminium pour Montage Mural TV ou au Sol, Cache-câble Rectangle, 110 x 3,3 x 1,7 cm, entrée de câble jusqu'à 5 câbles, matériel de Montage Compris) Gris",Hama,"45,96 €","23,08 €",2,
B00A44OC0G,"Hama Barre Multiprise 6 Prises avec Interrupteur Et Sécurité Enfant Cble Blanc 5 M",Hama,"43,06 €","21,04 €",2,
B079PN72PJ,"Hama Souris Optique sans Fil Riano (Souris Gauche sans Fil, avec récepteur Nano USB, Vertical, 800-1600 dpi, Interrupteur de Marche/arrêt, 3 Boutons, 2,4 GHz) Noir",Hama,"42,48 €","30,24 €",3,
B01IW9057S,"Hama Album photo traditionnel ""Rustico"" (album mémo, album de 22,5 x 22,5 cm, 100 pages blanches, 200 photos au format 10x15, idéal pour le scrapbooking, insertion des photos) Love Key",Hama,"42,23 €","16,68 €",3,
B01JUB4KNC,"Trépied Appareil Photo Star 64""",Hama,"40,35 €","32,42 €",1,
B0CYQB5JYH,"Hama Émetteur Recepteur Bluetooth Link.it Duo pour TV Stéréo Ecran Audio Video, Adaptateur Bluetooth Multipoint pour 2 Sources, Faible Latence, USB-C, Jack, Fibre Optique Noir",Hama,"39,72 €","32,22 €",1,
B07DHNSBP1,"Hama Mini souris sans fil 'Pesaro 2.4' (Souris optique résistant, idéal ordinateurs portables, léger et compact lors des déplacements) Anthracite",Hama,"39,67 €","25,65 €",3,
B00006J6HP,"Hama Casier de rangement Spirit II (système de classement sur socle pour CD, pour 44 boîtiers CD, porte-CD pour le rangement, organisateur antidérapant) Noir",Hama,"38,30 €","16,34 €",2,
B018VONYPY,"Hama Sonic Mobil 183 Enceintes pour Ordinateur - Système Stéréo 2.0, Haut-Parleurs Alimentés en USB, Connexion Jack 3.5mm - Noir/Rouge",Hama,"38,28 €","27,40 €",4,
B000TCQPWG,"Hama Boîtier Slim (pour CD et disques Blu-ray, ultra mince, avec une feuille pour la couverture, lot de 20) Noir/Transparent",Hama,"38,28 €","26,88 €",4,1
B09RCN2PVC,"Hama Album photo ""Skies II"" (Album Elégant et Intemporel, Idéal mariage, anniversaire, baptême, 22,5 x 22 cm, 100 pages avec pochettes pour 200 photos 10x15 cm, Zone Mémo et pochette carte SD) Beige",Hama,"36,81 €","21,30 €",3,1
B00005QFB0,"Hama Étuis à négatifs, papier cristal, 7 bandes de 6 négatifs, 24x36cm, 25 pièces",Hama,"36,64 €","21,24 €",4,
B00292AZN4,"Hama Cadre photo Clip-Fixe (sans bordure, 30 x 40 cm, Reflex) Blanc",Hama,"36,64 €","15,95 €",5,2
B004LQ1PLW,"Hama Sacoche de Rangement Sportsline (Sacoche de projecteur, Ordinateur et disques durs, Taille L, 27 x 39 x 15 cm, rembourré, pour Acer, BenQ, Epson, LG, Optoma BeamerL) Noir",Hama,"36,57 €","26,93 €",1,
B07X557RB6,"Thomson Antenne Intérieure ""ANT1639"" (Design UHD ""Sculpture"", pour réception numérique DVB-T/DVB-T2 et HDTV, actif, 2 m, Performance 55) Noir/Gris",Thomson,"35,75 €","31,07 €",1,
B00005KHSV,"Hama Filtre UV (390 (O-Haze) HTMC Ø 86 mm) Noir",Hama,"35,50 €","35,50 €",1,
B08NCJ814H,"Hama C-400 Webcam PC - Qualité Vidéo FHD 1080p, Microphone Intégré, Cache Lentille, Filetage 1/4 - Convient pour Les Appels Vidéos et Le Streaming - Noir",Hama,"35,41 €","35,02 €",1,
B08BX81WZN,"Black Rock Coque pour iPhone 12/12 Pro Robust Real Carbon [Housse Technologie Active Air] [Coque Protection Moléculaire] - Noir","Black Rock","34,99 €","20,74 €",1,
B0CP85VQFG,"Xavax 00220734 Raccord de Siphon, Blanc",Xavax,"34,92 €","20,46 €",6,
B00IZA0V4M,"Thomson Support Mural TV WAB846 (VESA 200x200, inclinable et orientable, avec 2 Bras, pour Une Diagonale d'écran de 25 à 117 cm (de 10"" à 46"")) Noir",Thomson,"34,17 €","26,20 €",1,
B08SFG3JH5,"Hama Album photo ""To The Moon"" (Album souvenirs Anniversaires, Baptême, Baby Shower, Idée cadeau, 22.5x22 cm, 100 pages blanches, Zone Mémo, 200 photos 10x15 cm, Insertion latérale) Multicolore",Hama,"33,54 €","17,56 €",2,
B08SFR7Z13,"uRage Clavier Gaming Rétroéclairé (Clavier Gamer Silencieux, Rétroéclairage 7 Couleurs, Anti-Ghosting, Win-Lock, AZERTY, Filaire, Repose Poignet, 4 Touches Macro, 12 Touches Fonctions directes) Noir",uRage,"33,32 €","24,99 €",1,
B0764LMPBN,"Hama Multiprise avec Interrupteur 10 Prises 16A (Rallonge multiprises 3m, Bloc 10 Prises Type F Schuko, 3500W Max, Idéal Bureau PC luminaires, Atelier, Meuble TV, Garage) Noir",Hama,"33,32 €","20,72 €",2,3
B00005YVIU,"Hama Distributeurs Coins photo (1000 coins, autocollants, distributeur pratique, sans acide, sans solvant, adapté albums, permet un archivage fiable, scrapbooking) Transparent",Hama,"33,20 €","29,00 €",10,
B00006JAQ7,"Hama 007103 - Ruban photo transparent, Blanc, 1000 pièces (2 paquets de 500 pièces)",Hama,"33,20 €","29,00 €",10,
B0043W42ZU,"Xavax Mousseur à lait ""Milchicopter"" (Batteur à lait en acier, moteur très puissant à 14 000 tours/minute, spirale spéciale, nettoyage facile, mousseur à lait, balai Matcha) Noir",xavax,"32,02 €","13,60 €",4,
B079NX1LC5,"Thomson Antenne Intérieure ANT1418BK (pour Radio/TV, réception numérique DVB-T/-T2, réception Dab/Dab+, Convient au récepteur/syntoniseur VHF, avec Prise 12V pour Voiture, Performance 35) Noir",Thomson,"31,31 €","21,29 €",1,
B0CP86Q49Q,"Hama Antenne intérieure (Antenne Réception Radio Numérique (Dab/Dab+) et Analogique FM, Amplification du Signal Actif jusqu'à 30 DB, Cäble 1.5m, Fiche F mâle, Alim Secteur) Noir",Hama,"30,82 €","24,35 €",1,
B0000AHIF7,"Hama Cadre portrait (taille de cadre 10x15 cm, taille de photos 10x15 cm, acrylique, format vertical, en plastique, 1 photo par cadre, élégant, simple, classique) Gris",Hama,"30,61 €","8,15 €",5,
B0002W5WBI,"Hama Boîtier Slim (pour CD et disques Blu-Ray, Ultra Mince, avec Une Feuille pour la Couverture, Lot de 100) Noir/Transparent",Hama,"30,24 €","26,68 €",1,
B07K2RD3MZ,"Hama Clé USB Rotate 8 GB, 10 MB/s, avec accroche porte-clés, flashpen, emballage fin Noir/Argent",Hama,"29,94 €","32,38 €",6,
B001730SIS,"Etui Fashion pour Sticks USB, Noir",Hama,"29,94 €","29,34 €",6,
B09RC7QDPM,"Hama Album photo ""Skies II"" (Album Elégant et Intemporel, Idéal mariage, anniversaire, baptême, 22,5 x 22 cm, 100 pages avec pochettes pour 200 photos 10x15 cm, Zone Mémo et pochette carte SD) Gris",Hama,"29,17 €","21,30 €",3,
B0017A1DXK,"Xavax Support mural pour micro-ondes (porte micro-onde, 27 x 47 x 5 cm) Argent",xavax,"29,16 €","16,98 €",1,
B0000AISQJ,"Hama Passe-partout Premium, blanc neige, 30 x 40 cm",Hama,"29,10 €","14,80 €",5,
B08YRVCFLT,"Hama Adaptateur vidéo, fiche HDMI™ - Port DVI, Ultra-HD 4K, Métal, Garantie 10 Ans, Noir",HAMA,"28,75 €","29,90 €",5,
B002ZX98MG,"Hama Boîtier Slim (pour DVD, Convient également aux CD et disques Blu-Ray, Ultra Mince, avec Une Feuille pour la Couverture, Lot de 10) Transparent",Hama,"28,28 €","19,68 €",4,
B0CP85387S,"Xavax 00220738 Raccord en Y, Blanc",Xavax,"28,28 €","18,08 €",4,
B0050GRN2W,"Hama Pochette Up To Fashion (pour 48 disques, CD/DVD/Blu-ray/livres audio, étui de rangement, gain de place pour la voiture, la maison, avec motif papillon) Rose",Hama,"27,32 €","13,16 €",2,
B06XBXLK8B,"Hama Album photo ""Lazise"" (couverture souple, 24 pages pour 24 photos au format 10x15 cm, résistant, pour archiver avec des anecdotes, protège la photo, mini album) 4 Motifs cœur aléatoires",Hama,"27,28 €","19,36 €",22,2
B07BGLLS26,"Chiffons pour écrans, 100 pièces, dans un distributeur",Hama,"25,31 €","20,30 €",5,
B0CBCMH2BZ,"Hama Multiprise Cube avec Interrupteur (Rallonge multiprise 1.4m, Bloc 3 Prises Terre F Schuko + 2 USB-A + 2 USB-C, 3680W 16A Idéal Bureau Cuisine Salon Atelier Garage PC luminaires Meuble TV) Blanc",Hama,"24,99 €","18,49 €",1,
B0BKYL622V,"Hama Power Pack Slim 5HD (Batterie Externe 5 000 mAh, Batterie Portable Charge Rapide, USB 3.0, Power Bank Compatible avec iPhone 14 13 12 11 X Samsung Xiaomi Huawei iPad etc) Blanc",Hama,"24,96 €","29,46 €",3,1
B07N6HRNMP,"Hama Album photo ""Summerly"" (couverture souple, 24 pages pour 24 photos au format 10x15 cm, résistant, pour archiver avec des anecdotes, protège la photo, mini album) Motifs Aléatoires",Hama,"24,60 €","3,95 €",5,
B00X5K84ZK,"Hama Album photo à pochettes ""New York City"" (pour 400 photos au format 10 cm x 15cm, taille de l'album de 25 cm x 34 cm, 100 pages, en cuir, protège les photos et les documents) Noir",Hama,"24,57 €","12,81 €",1,
B00IZA0V56,"Thomson Support Mural TV WAB646, (VESA jusqu'à 200x200, Inclinable, pour Une Diagonale d´écran de 25 à 117 cm (de 10' à 46')) Noir",Thomson,"24,52 €","15,38 €",1,
B00I07LU40,"Hama Multiprise, ""6+1"" (commutable individuellement, avec protection anti-surtension, montage mural, pivotée à 45°, longueur de douille XL, protection enfant, longueur de câble de 1,4 m) Noir",Hama,"24,16 €","14,13 €",1,
B07GL8PS46,"Hama Album Photo ""Fine Art"" (format 30 x 30 cm, 100 pages noires, sans spirale) Bordeaux",Hama,"24,13 €","10,78 €",1,
B0000AISDL,"Hama Passe-partout Premium, blanc neige, 40 x 50 cm",Hama,"23,73 €","12,81 €",3,
B09RGXWK99,"Hama Casque-Micro pour téléphone sans Fil (Casque Supra aural avec Arceau Ouvert Ajustable, Réglage Volume sur Le câble, Jack 2.5 mm, 1.20 m, Garantie 10ans) Noir/Argent",Hama,"23,32 €","17,28 €",1,
B000VRANHW,"Hama Album Photo ""Fine Art"" (format 28 x 24 cm, 50 pages noires, à spirale) Noir 00090145",Hama,"22,92 €","9,60 €",2,1
B005GCMZD2,"Hama Album photo à pochettes ""Singo"" (couverture souple, pour 24 photos au format 18x13 cm, résistant, protège la photo) Couleur aléatoire parmi Orange, Vert, Bleu et rose",Hama,"22,77 €","16,06 €",11,9
B079175GWR,"Hama Souris Ergonomique sans Fil (Souris Verticale sans câble pour droitiers, Souris sans Fil sans Fil avec capteur Optique 1000/1400/1800 dpi) Noire, Prise USB Type-A, Pile AA Mignon",Hama,"22,49 €","15,22 €",1,
B0BZDS8G7R,"Hama Enceinte Bluetooth Pocket 3.0"" (Mini Enceinte sans Fil Portable Légère, Basses intenses, Style Tendance, Étanche Eau et Poussière IP67, Autonomie 14h, USB-C, Prise Jack, 3.5W) Noir",Hama,"22,49 €","21,00 €",1,
B0026MT4AM,"Xavax Rallonge flexible d'arrivée d'eau renforcée (pour tuyau d’entrée lave-linge et lave-vaisselle, tuyau d’arrivée de réservoir anti-flambement, 2 m, 1 pièce) Argent",xavax,"22,07 €","16,40 €",1,
B00T7M8Y6E,"Hama Album photo à pochette minimax ""New York City"" (pour 100 photos au format 10 cm x 15cm, taille de l'album de 13,5 cm x 17 cm, 100 pages, en cuir, protège les photos et les documents) Noir",Hama,"21,84 €","9,58 €",2,
B0BL1T1R5Y,"Hama Casque TV ShellTV (Casque Circum-Auriculaire Stéréo, idéal télé, câble Extra Long 6m, Jack 3.52mm mâle, Adaptateur Jack 6.35mm mâle Inclus, 20 Hz-20 kHz, 32 ohms, 113 DB/MW) Noir",Hama,"21,66 €","12,95 €",1,
B000JIA7YW,"Hama Boîtier Standard (pour 6 DVD, Convient également aux CD et disques Blu-Ray, avec Film pour l'insertion de la Jaquette, Lot de 3) Noir",Hama,"21,28 €","9,60 €",2,
B0000AI3IW,"Hama Cadre photo en plastique ""Sevilla"" (taille du Cadre de 50 x 70 cm avec bordure de 13 mm x 20 mm, pour une photo de 30 x 45 cm) Blanc",Hama,"21,24 €","11,92 €",1,
B09R4VC3KD,"Hama Etui S22 (5G) Slim Pro pour Samsung (Étui de Protection à Rabat Galaxy S22, Fonction Support écran, Housse Portefeuille avec Porte Cartes, Finition Caoutchouc) Noir",Hama,"20,82 €","11,65 €",1,
B0DGLN4233,"Hama Prise Connectée Etanche Matter (IP44, Prise Wifi Alexa Google, App Control, Aucun Hub requis, Prise Exterieure Etanche connectée Programmable) Noir",Hama,"20,82 €","14,21 €",1,
B0CP84WF61,"Hama Support TV Mural Fixe Garantie 10 Ans (Support TV Mural Extra-Plat, 40kg Max, Robuste, pour écrans LCD/LED/OLED/Plasma de 81 cm à 191 cm (32 à 75""), VESA Max 400x400) Noir",Hama,"20,82 €","17,96 €",1,
B0026MT4C0,"Xavax Tuyau d'arrivée d'eau froide (pour lave-linge, lave-vaisselle, toutes les marques courantes Miele, Bosch, Beko, Siemens, Bauknecht, AEG, Gorenje, 1,5 mètres, 1 pièces) Gris/Blanc",xavax,"20,70 €","9,34 €",2,
B00005UPB7,"Hama Boîtier Standard (pour CD et disques Blu-Ray, Étui Protecteur pour CD, Paquet de 5) Transparent",Hama,"19,96 €","13,12 €",4,
B078T62G9K,"Hama Souris Optique à 3 Boutons MC-200, Filaire, Blanche",Hama,"19,96 €","14,84 €",4,
B0000AI3G4,"Hama Cadre en plastique ""Madrid"" (taille de cadre de 50 cm x 70 cm, taille de la photo de 30 cm x 45 cm, 1 photo par cadre, à accrocher, élégant, simple, classique) Noir",Hama,"18,74 €","9,68 €",1,
B01BIIKZCK,"Hama Carte mémoire pour téléphone (Micro SDXC pour téléphone / Classe 10, 128 GB - 80 MB/s, Adaptateur mobile) Noir",Hama,"18,53 €","11,00 €",1,
B0C5JPTNCK,"Classeur avec mécanisme à 4 anneaux, largeur 70 mm, avec étui, blanc",Hama,"18,32 €","12,99 €",1,
B0C5JQPC2P,"Classeur avec mécanisme à 4 anneaux, larg. 70 mm, avec étui, noir/gris",Hama,"18,32 €","11,80 €",1,1
B0032DAL6U,"Hama Album photo ''Catania'' (taille 22 x 22 cm pour 200 photos au format 10 x 15 cm, 100 pages, papier stratifié, thématique mariage/vacances, emplacement pour CD, personnalisable) Gris",Hama,"18,32 €","9,94 €",2,
B00006JCRV,"Hama Boîtier Standard Double (pour CD et disques Blu-Ray, Étui Protecteur pour CD, Paquet de 5) Noir/Transparent",Hama,"18,28 €","12,88 €",4,
B07TYWBSZN,"Hama Album photo Jumbo ""Forest"" (pour 400 photos au format 10 x 15 cm, album traditionnel enfant de 30 x 30 cm, 100 pages blanches, animaux, élégant) Marron/Beige/Vert/Orange/Jaune",Hama,"18,23 €","8,52 €",1,
B06XB2Y8KR,"Hama Album traditionnel ""Lazise"" (taille de l'album de 22,5 x 22 cm, pour 200 photos au format 10 cm x 15 cm, 100 pages, avec pochette CD, élégant) Blanc/Noir/Rose",Hama,"17,48 €","11,16 €",2,
B002ADGINS,"Hama Étui Hard Drive Case (pour Disque Dur, 2,5"", néoprène, Étui de Protection pour Disque Dur Externe 6,4"", Accessoire, néoprène) Noir",Hama,"17,46 €","12,99 €",3,
B001UBGSZE,"Hama Album Photo Fine Art (Format 36 x 32 cm, 50 Pages Noires, à Spirale) Lilas",Hama,"17,42 €","8,53 €",1,
B007M6NJ3U,"Hama Rallonge allume-cigares ( pour voiture, pour allume-cigare, câble de 6 m, adapté aux 12-24 V, pour voiture/camion/véhicule de loisirs/caravanes, fusible de 8 A maximum) Noir",Hama,"17,41 €","9,21 €",1,
B084HZJ2TV,"Hama Album Photo ""Fine Art"" (format 30 x 30 cm, 80 pages blanches, sans spirale) Vert Tilleul",Hama,"16,79 €","9,27 €",1,
B0015L5IPA,"Coque de Protection Crystal Clear pr Samsung Galaxy M30s, transpar.",Hama,"16,66 €","11,13 €",1,
B0032D8WCA,"Hama Album Photo Catania (Taille de l'album 29 x 32 cm pour 300 Photos au Format 10 x 15 cm, 60 Pages, Papier stratifié, thématique Mariage/Vacances, Personnalisable) Gris",Hama,"16,66 €","8,21 €",1,
B01AT3Z228,"Xavax Couvercle universel (anneau en silicone pour casseroles/poêles de diamètre 24, 26 ou 28 cm, trou de vapeur, design à bords gradués, verre, va lave-vaisselle, peu encombrant) Noir/Transparent",xavax,"16,66 €","8,79 €",1,
B079J91FJ3,"Xavax Plaque adaptatrice pour plaque à induction (adaptateur pour plaques à induction, pour casseroles, rôtissoires, machines à expresso, adaptateur d'induction universel, 19 cm, rond) Argent",xavax,"16,66 €","18,74 €",1,
B074JDHBXG,"Hama Cadre en Plastique Madrid (Taille de Cadre de 21 cm x 29,7 cm, Taille de la Photo de 15 cm x 20 cm, 1 Photo par Cadre, à accrocher, élégant, Simple, Classique) Noir",Hama,"16,64 €","9,32 €",4,
B009HSQ3OS,"Hama Fine Art 50 pages Noires/à spirales 10608, Rose, 36 x 32 cm",Hama,"16,58 €","8,45 €",1,
B000BGFJI6,"Hama Carte mémoire Photo (SD pour Photo/Classe 4, 2 GB - 10 MB/s) Bleu",Hama,"16,46 €","10,80 €",2,
B000EOVQI2,"Hama Boîtier CD Slim, Lot de 10, Transparent",Hama,"16,23 €","9,45 €",3,
B000VRANI6,"Hama Fine Art Bordeaux 50 Pages Noires/à spirales090144, Bordeaux, 36 x 32 cm",Hama,"16,20 €","8,53 €",1,
B00005UPC4,"Hama Rack (pour CD, pour 20 boîtiers CD) Gris",Hama,"16,00 €","8,68 €",1,
B00QKRKJCQ,"Hama Support De Télécommande Major (pour 4 Télécommandes Au Maximum, Ã‰galement Pour Rangement De Lunettes, Smartphones, Contrôleurs, Clés USB, Porte-télécommande) Blanc",Hama,"15,75 €","10,23 €",1,
B00W5C0BRS,"Hama Casque Stéréo HK-229 (Casque Audio Supra-Auriculaire pour Lecteur mp3, iPod, Bande passante de 20 Hz - 20 kHz, Jack 3,52mm mâle, câble uni-latéral de 1,5 m, Ajustable et léger) Noir/Gris",Hama,"15,21 €","10,60 €",1,
B08VW3DC4C,"Hama Album photo mémo ""Ayleen II"" (Album photo, 22x22.5 cm, 200 pochettes pour photos 10x15 cm, Zone Mémo, pochette carte SD, idéal photos souvenirs de vacances, anniversaire, bébé) Multicolore",Hama,"15,12 €","5,71 €",1,
B081S4YTDT,"Tige pour Selfie Funstand 57"", avec déclench. à dist. Bluetooth, Noir",Hama,"14,92 €","17,20 €",1,
B00IZA0RSM,"Thomson Support Mural TV WAB546 (VESA jusqu'à 200x200, Fixe, pour Une Diagonale d´écran de 25 à 117 cm (de 10' à 46')) Noir",Thomson,"14,44 €","9,29 €",1,
B0002W5WEU,"Hama Boîtier Slim (pour DVD, Convient également aux CD et disques Blu-Ray, Ultra Mince, avec Une Feuille pour la Couverture, Lot de 25) Noir/Transparent",Hama,"14,16 €","10,48 €",1,
B09GLCX9G9,"Hama Coque iPhone 13 Mini Étui Portefeuille Slim Pro pour Apple, Noir",Hama,"14,16 €","11,13 €",1,
B0000AI3IZ,"Hama Cadre photo en plastique Décor Sevilla (taille du Cadre de 40 x 50 cm avec bordure de 13 mm x 20 mm, pour une photo de 40 x 50 cm) Or Mat",Hama,"14,16 €","8,15 €",1,
B0BRYDB26C,"Hama Canosa V2 Souris sans Fil - Technologie Bluetooth® 5.0, Capteur 1600 dpi, Clics Silencieux, Ambidextre - Grise Anthracite",Hama,"14,16 €","12,95 €",1,
B07TSQJ5W1,"Hama Casque Micro PC Tour de Cou NHS-P100 (Casque Micro de Bureau Tour de Nuque, Stéréo, Casque Micro Filaire, réglage Volume, Casque Micro Perche Flexible, idéal télétravail, Bureau) Noir",Hama,"14,00 €","6,46 €",1,
B00BYCGMEG,"Hama Album photo vierge ""Livorno"" (album photo traditionnel format 22 cm x 22 cm, pour 200 photos 10 cm x 15 cm, 100 pages, emplacement CD) Bleu/Blanc/Jaune",Hama,"13,76 €","5,58 €",1,
B08SDYYDL2,"Hama Album mémo « Stamps » à personnaliser (Album souvenirs de famille ou de voyage, idéal cadeau et scrapbooking, 22x22,5 cm, album livre 100 Pages, Max : 200 Photos 10x15 cm) Multicolore",Hama,"13,52 €","6,85 €",1,
B0BHZFGZ5Y,"Hama Casque Audio Shell (Casque Circum-Auriculaire Stéréo, 20 Hz-20 kHz, 32 ohms, 113 DB/MW, Jack 3.52mm mâle, Adaptateur Jack 6.35mm mâle Inclus, câble Extra Long 2 m) Noir",Hama,"13,51 €","10,49 €",1,
B01BBTCVKA,"Hama Album Photo ""Fine Art"" (format 30 x 30 cm, 100 pages blanches, sans spirale) Malibu",Hama,"13,48 €","8,82 €",1,
B01BBTCVOQ,"Hama Album Photo Fine Art (Format 30 x 30 cm, 100 Pages Blanches, sans Spirale) Kiwi",Hama,"13,32 €","8,18 €",1,
B0CP84KK4C,"THOMSON Ecouteurs Filaire USB-C pour iPhone 15 / Samsung (écouteurs Intra-Auriculaires filaires avec Micro, Cable 1.2m, Multi Contrôle, Compatible Siri et Google Assistant) Violet",Thomson,"13,32 €","11,00 €",1,
B0CP83KZZJ,"THOMSON Ecouteurs Filaire USB-C pour iPhone 15 / Samsung (écouteurs Intra-Auriculaires filaires avec Micro, Cable 1.2m, Multi Contrôle, Compatible Siri et Google Assistant) Blanc",Thomson,"13,32 €","11,00 €",1,
B0000AISE1,"Hama Cadre photo ""Clip-Fixe"" (sans bordure, 29,7 x 42 cm, Anti-Reflex) Blanc",Hama,"13,32 €","4,40 €",1,
B0BXPLPKZD,"Hama Classeur à négatifs (4 anneaux, niveau de remplissage 39 mm, feuilles rectangulaires, album à négatifs d'une pellicule photo) Rose",Hama,"13,31 €","6,15 €",1,
B00UV84E4O,"Hama Album photo vierge ""Anzio"" (album photo traditionnel format 22,8 cm x 22,3 cm, pour 200 photos 10 cm x 15 cm, 100 pages, instax, minimax, idéal pour un mariage) Beige/Noir",Hama,"13,18 €","6,38 €",1,
B08YS3XVDK,"Hama Câble HDMI 4K Garantie 10 ans (Cable HDMI High Speed avec Ethernet, Cordon HDMI 4k, 5m, mâle-mâle, Câble Ethernet HEC, Retour Audio, HDR, 18 Gbit/s, 600MHz, Résolution 4096x2160, Blindé) Noir",Hama,"13,12 €","11,50 €",1,
B01JOFQ2F8,"Xavax Shaker à cocktails (en Verre, Mélangeur à Cocktail, Accessoire en Acier Inoxydable, Recettes de Cocktails, 400 ml, Anneau en Silicone, Couvercle Tasse 4 cl, Filtre de Dosage) Noir/Transparent",xavax,"12,91 €","8,01 €",1,
B00006J9WQ,"Hama Coins Adhésifs Photos (Distributeur de 200 Coins Photos, diamètre de 10 mm, PP Anti Statique) Transparent",Hama,"12,69 €","13,23 €",9,
B0BHWL9GGB,"Hama Multiprise Euro 3 Prises (Distribution Alimentation Slim, Extra Plat, 3 Prises 'Euro' Femelles, 16A, 230V, Max 1700W, câble 2.5m) Blanc",Hama,"12,55 €","5,69 €",1,
B09RGWV4NB,"Hama Casque-Micro pour téléphones sans Fil (Intra-Auriculaire, Contour d'oreille Réglable, Bras de Micro Flexible, Jack 2.5 mm, Qualité Audio Cristaline, 32 Ω, 1.2m, Garantie 10ans) Noir",Hama,"12,50 €","8,95 €",1,
B0002VFL1U,"Hama Pochettes pour CD-ROM/DVD-ROM (Pochettes CD Plastique, Pochette de Protection colorées, Lot de 100, Multicolore) Bleu/Orange/Violet/Rose/Vert",Hama,"12,49 €","8,10 €",1,
B003KKWLJA,"Xavax Raccord de tuyau d' arrivée d'eau en laiton (pour tuyaux d’arrivée de lavage et de lave-vaisselle, embout de tuyau d’admission) Dorée",xavax,"12,48 €","12,42 €",3,
B0000AISDG,"Hama Passe-partout (premium, dimensions : Extérieur : 40 cm x 50 cm / Intérieur : 28 cm x 35 cm) Blanc Arctique",Hama,"12,48 €","7,94 €",2,
B08YV6JSHN,"Hama Blasebalg Appareil Photo Reflex numérique avec système de Valve pour Appareil Photo Reflex numérique, Objectif, oculaire, Surface Sensible, Air Blower avec système de Valve Rouge/Noir 16,6 cm",Hama,"12,35 €","5,61 €",1,
B079J94XKT,"Xavax Filtre permanent pour machine à café et thé (Ø 12 cm, hauteur 10 cm, maillage en acier inoxydable, réutilisable, va au lave-vaisselle, rechange pour taille 4) Noir",xavax,"12,33 €","5,13 €",1,
B0BL1TNWQ4,"Hama Câble Micro-USB Reflective (Câble de charge et transfert de données USB-A 2.0 mâle vers Micro-USB, Fiche Aluminium, Cordon Réflechissant Anti-torsion, Gaine en nylon tressé, 1.5 m) Bleu",Hama,"12,23 €","9,09 €",1,
B005DJKH1A,"Hama Album Photo ""Singo"" (album minimax, 22 x 22,5 cm, 100 pages, pour 200 photos au format 10 x 15 cm) Aqua",Hama,"12,15 €","5,40 €",1,
B075RHN1M4,"Hama Album Photo Fine Art (Format 28 x 24 cm, 50 Pages Blanches, à Spirale) Bordeaux",Hama,"11,93 €","4,51 €",1,
B0026MT4CA,"Xavax Rallonge de tuyau d'arrivée d'eau froide (pour tuyau de lavage et lave-vaisselle, tuyau d'arrivée d'eau froide, 2,5 m, 1 pièce) Gris/Blanc",xavax,"11,86 €","5,52 €",1,
B08YRZD1X6,"Hama Câble Optique Audio 3m (Cable Toslink Audio Optique, Cable fibre Optique Audio pour Home Cinema, Barre de Son, TV, Samsung, Bose, LG, Sony, Sonos, PS4, Xbox, fiche Mâle ODT) Noir",Hama,"11,84 €","17,32 €",2,
B084HZNPS3,"Hama Album Photo ""Fine Art"" (format 24 x 17 cm, 36 pages blanches, sans spirale) Vert Tilleul",Hama,"11,82 €","5,73 €",1,
B00RLNC8UY,"Hama Album photo ""Tim"" (pour 200 photos au format 10 x 15 cm, petit album de taille 22,5 x 22,5 cm, album photo bébé de 100 pages blanches, ciel, élégant, pour garçons, enfants, bébés) Bleu",Hama,"11,67 €","5,79 €",1,
B001B4ROAS,"Hama Boîtier Slim (pour CD et disques Blu-ray, ultra mince, avec une feuille pour la couverture, lot de 20) Transparent",Hama,"11,66 €","8,40 €",1,
B0009V6OCS,"Hama Boîtier Slim (pour CD et disques Blu-ray, ultra mince, avec une feuille pour la couverture, lot de 25) Noir/Transparent",Hama,"11,66 €","6,89 €",1,
B017JY56TY,"Hama Album Photo ""Fine Art"" (format 36 x 32 cm, 50 pages blanches, à spirale) Kiwi",Hama,"11,24 €","7,26 €",1,
B0000AHIBP,"Hama Boîtier standard (pour 3 DVD, convient également aux CD et disques Blu-ray, avec film pour l'insertion de la jaquette, lot de 5) Noir",Hama,"11,06 €","4,73 €",1,1
B0000AISCG,"Hama Cadre photo en plastique Sevilla (taille du Cadre de 21 x 29,7 cm (DIN 4) avec bordure de 9 mm x 17 mm, pour une photo de 15 x 20 cm) Blanc",Hama,"11,03 €","3,50 €",1,
B0009V6OBO,"Hama Pochettes de Protection (en Papier pour CD/DVD/Blu-Ray, Lot de 100) Blanc/Transparent",Hama,"10,92 €","3,98 €",1,
B07BB6L952,"Hama Spray de nettoyage AntiDust (250 ml, gaz stable, nettoyant appareils photo, ordinateurs, claviers, vanne de pulvérisation, tube capillaire) Blanc - Bleu",Hama,"10,82 €","7,50 €",2,
B0CLD52FFP,"Hama Support Mural Magnétique pour Apple TV HD (4ème génération)/4K (1ère/2ème/3ème génération) (pour Fixer l'Apple TV Box sur Le Mur ou la TV, Garantie 10ans, Chevilles Fischer et vis VESA) Noir",Hama,"10,82 €","6,71 €",1,
B07F3RKPTB,"Hama Support mural pour Google Home mini (pour enceinte sans/avec fil, support d'enceinte, pour un alignement et une présentation optimaux de l'enceinte, montage mural) Blanc",Hama,"10,82 €","6,05 €",1,
B0026MT4CK,"Xavax Tuyau d'Arrivée d'Eau Froide 2.5m (Tuyau Universel pour Lave Vaisselle, Lave-Linge, Connexion 3/4""(1,91 cm) Droit/Coudé Angle 90°) Gris",xavax,"10,75 €","5,69 €",1,
B009TLAQ3M,"Hama Album Photo ""Fine Art"" (format 28 x 24 cm, 50 pages noires, à spirale) Azur",Hama,"10,66 €","5,63 €",1,
B0015K9MTY,"Xavax Filtre à fibres longues pour hottes aspirantes (2 filtres universels pour extraction par extraction, sur mesure, 57 x 47 cm) Blanc",xavax,"10,30 €","2,90 €",1,
B079PCTWYM,"Hama Brosse (en Fibre de Carbone, pour Le Nettoyage des disques, vinyles) Noir/Argent",Hama,"10,24 €","5,28 €",1,
B0000AHICV,"Hama Boîtier CD/DVD Slim (lot de 10 boitiers standards vierges pour CD/DVD et disques Blu-ray, ultra plat) Noir/Transparent",Hama,"10,20 €","3,35 €",1,
B002MC62C4,"Xavax Raccord Y pour tuyau d' arrivée d'eau (à 2 voies pour tuyaux d'admission, 26,9 mm (3/4 "") en laiton, collecteur en Y) Dorée",xavax,"10,02 €","7,02 €",1,
B000Y13DPE,"Hama Boîtier CD Slim en polypropylène, Lot de 20, Assortiment de Couleurs",Hama,"9,99 €","6,37 €",1,
B00005UPC8,"Hama Boîtier standard double (pour CD et disques Blu-Ray, Étui protecteur pour CD, paquet de 10) Transparent",Hama,"9,99 €","6,71 €",1,
B08YRY2LQJ,"Hama Câble Jack 3.5 Male Male (Câble Auxiliaire Stéréo Jack 3.5mm, Cable Audio Garantie 10ans, 1.5m, compatible iPhone, iPod, iPad, Voiture, Casque, Autoradio, Smartphones, MP3) Noir",Hama,"9,98 €","9,18 €",2,2
B0000AISOV,"Hama Cadre photo Clip-Fixe (sans bordure, 30 x 30 cm, Reflex) Blanc",Hama,"9,98 €","6,22 €",2,
B01K47EVSK,"Hama Album photo vierge ""La Fleur"" (album photo traditionnel 22,5 cm x 22,5 cm, 100 pages, pour l'insertion de 200 photos au format 10 cm x 15 cm, motif de feuilles, pochette CD) Noir",Hama,"9,93 €","5,85 €",1,
B000EOPSRC,"Hama Pochette (pour 20 CD/DVD/Blu-ray, classeur de rangement, gain de place pour le bureau, le salon et la maison, étuis de transport) Noir",Hama,"9,92 €","3,98 €",1,
B0000AIRTK,"Hama Cadre photo en plastique ""Décor Sevilla"" (taille du Cadre de 30 x 45 cm avec bordure de 9 mm x 17 mm, pour une photo de 20 x 30 cm) Argent Mat",Hama,"9,57 €","6,31 €",1,
B007WAYTLM,"Hama Tapis de Souris pour Souris Laser (Auto-adhésif, Amovible) Noir",Hama,"9,52 €","4,57 €",1,
B07F82LSLN,"Hama Support Travel Pliable pour tablettes et Smartphones (Idéal pour Les déplacements, Solide et Pratique) Couleur aléatoire Parmi Blanc/Bleu/Gris/Jaune/Noir/Rouge/Vert",Hama,"9,40 €","3,34 €",2,
B0BL1WPKVV,"Hama MW-300 V2 Souris sans Fil - Technologie 2.4Ghz, Capteur 1600 dpi, Clics Silencieux, Ambidextre - Jaune",Hama,"9,16 €","7,87 €",1,
B079PNH64S,"Hama Chevalet album photo vierge à spirale (album photo traditionnel 18 cm x 16,5 cm, 12 pages noires, pour 12 ou 24 photos de 10 cm x 15 cm ou 11 cm x 15 cm, avec dictons) Noir",Hama,"9,16 €","6,58 €",1,
B017JY5F5O,"Thomson Ecouteurs filaires ""EAR3005W"" (filaire, intra-auriculaire, microphone, 20 - 20000 Hz, prise jack 3,5 mm) Blanc",Thomson,"9,00 €","4,31 €",1,
B0026MT4HU,"Xavax Balles de séchage, lot de 2",xavax,"8,74 €","7,15 €",1,
B09R4XF2YK,"Hama Verre trempé de protection pour Samsung Galaxy S22 Ultra (5G) Full Screen' (Dureté 9H, 0,3mm, verre de protection anti-choc, anti-rayures, anti-traces de doigts) Transparent",Hama,"8,72 €","10,99 €",1,
B07GX2V6JG,"Lecteur Multi-Cartes USB-2.0, SD/microSD/CF, Bleu",Hama,"8,37 €","3,65 €",1,
B0BKZ1C59D,"Hama Support Téléphone Voiture Compact (pour Smartphones Largeur de 5.5 à 8.5 cm, Fixation Clip Grille aération, pivotable 360°) Noir",Hama,"8,32 €","5,20 €",1,
B0BXPKDN7W,"Hama Classeur à négatifs (4 anneaux, niveau de remplissage 39 mm, feuilles rectangulaires, album à négatifs d'une pellicule photo) Vert pale",Hama,"8,32 €","6,15 €",1,
B01AUBT6IU,"Cor. alim. Euro pr Sonos PLAY:1/PLAY:5/One, coudé aux extrém., 3 m, nr",Hama,"8,32 €","5,37 €",1,
B08YS1ZZ99,"Hama Hub USB Garantie 10ans '00200119' (4 Ports USB 2.0, 480Mbit/s, Plug&Play, Idéal PC, Ordinateur Portable, Tablette, MacBook) Noir",Hama,"8,32 €","4,98 €",1,
B00006JAPE,"Hama Multiprise 6 Prises 16A (Rallonge multiprises 1.4m, Bloc 6 Prises Type F Schuko, 3680W Max, Idéal Bureau PC luminaires, Atelier, Meuble TV, Garage) Blanc",Hama,"8,32 €","5,22 €",1,
B0000AIRXA,"Hama Cadre photo en plastique Décor Sevilla (taille du Cadre de 30 x 40 cm avec bordure de 9 mm x 17 mm, pour une photo de 20 x 28 cm) Argent Mat",Hama,"7,91 €","5,81 €",1,
B0C6CK8KFG,"Hama Câble Enceinte HiFi (Cable pour enceinte, 10m, Câble Audio pour Enceinte, Câble HP de Haut Parleur en Cuivre pour Hifi et Hifi embarquée, 2 x 0.75 mm²) Transparent",Hama,"7,83 €","4,19 €",1,
B07PHQ17NW,"Hama Album à Spirale 'Watercolor Moments', 28 x 24 cm, 50 Pages Blanches",Hama,"7,49 €","4,68 €",1,
B0000AHIFI,"Hama Passe-partout Premium, blanc neige, 20 x 30 cm",Hama,"7,48 €","3,48 €",2,
B07MQFLKJQ,"Xavax Hama Xavax Roulette à pizza (en acier inoxydable, 22 cm) Noir/Argent",xavax,"7,48 €","4,54 €",2,
B08SDTPYQP,"Hama Mini Trépied de Table Pocket II Rotation (trépied avec Support Smartphone iPhone/Samsung/GoPro, Rotatif, inclinable Paysage Portrait, idéal Voyage, Pas de vis de 1/4"") Noir",Hama,"7,42 €","8,86 €",1,
B00005QF9N,"Hama Attache Rapide pour Trépied, Click II (Plateau Rapide Tête de Trépied, Fixation Rapide pour Appareil Photo/Caméscope à Filetage 1/4"" 6.4mm, pour Trépieds Gamma) Noir",Hama,"7,42 €","6,22 €",1,
B0CXHQD8ZK,,UNKNOWN,"6,66 €","5,49 €",1,
B0002W6B90,"Hama Interrupteur pour véhicules (Interrupteur de voiture, rond, 10 A, 12 V, interrupteur à bascule) Noir",Hama,"6,66 €","2,90 €",1,
B0019DPZPC,"Hama 29308 Présentoir de Distributeur de pastilles adhésives, Transparent (1 distributeurs, 1000 coins photos, 12 x 13 mm)",Hama,"6,64 €","4,62 €",2,
B07KFSK68C,"Xavax Feuille de cuisson (réutilisable, couche antiadhésive, découpable, revétement en téflon, 43 x 35 cm) Argent",xavax,"5,41 €","3,99 €",1,
B0015KFAIQ,"Xavax Filtre combiné universel pour friteuses (2 filtres à graisse et à charbon actif pour friteuses, filtre combiné universel, coupe individuelle, 33 x 29,6 cm) Noir/Blanc/Gris",xavax,"4,99 €","3,10 €",1,
B07NH177P8,"Couvercle Pare-poussière pour écran, 20""/22"", transpar.",Hama,"4,99 €","2,77 €",1,
B005DJXZ7I,"Hama Album Photo Singo (Album minimax, 13 x 16,5 cm, 100 Pages, pour 100 Photos au Format 10 x 15 cm) Orange",Hama,"4,57 €","2,97 €",1,
B0000AISA5,"Hama Cadre en plastique Madrid (taille de cadre de 20 cm x 30 cm, taille de la photo de 13 cm x 18 cm, 1 photo par cadre, à accrocher, élégant, simple, classique) Bleu",Hama,"4,57 €","2,66 €",1,
B0009V6OBE,"Hama Pochettes de Protection (en Papier pour CD/DVD/Blu-Ray, Lot de 50) Blanc/Transparent",Hama,"4,16 €","2,55 €",1,
B07BB9H64Z,"Hama Bombe Air Sec 125ml All Position Aérosol – Dépoussiérant – Spray nettoyant – Nettoyage Pour PC, matériel Informatique et autres appareils électroniques",Hama,"4,16 €","3,26 €",1,
B01K47G7VO,"Mini album photo à pochettes ""La Fleur"" pr 40 photos 10 x 15 cm, blc",Hama,"3,74 €","2,49 €",1,
B0000AHIEM,"Hama Passe-partout, blanc arctique, 24 x 30 cm",Hama,"3,32 €","2,01 €",1,
B084HYZP7G,"Hama Album Photo ""Fine Art"" (format 30 x 30 cm, 80 pages blanches, sans spirale) Sable",Hama,,,,1
B0C5JPTNRF,"Hama Pages Intérieures Album Photo Scrapbooking (Recharge de Pages Photo Cartonnées, 250g/m2, 23.3 x 31 cm, Perforées, 25 feuilles) Noir",Hama,,,,2
B0000AI2T9,"Hama Cadre photo en plastique ""Sevilla"" (taille du Cadre de 40 x 60 cm avec bordure de 13 mm x 20 mm, pour une photo de 30 x 45 cm) Blanc",Hama,,,,1
B086XRXHK2,"Hama Station météo sans fil ""Black Line"" (avec capteur extérieur, affichage heure, date, température, humidité et prévision météo), noire",Hama,,,,1
B0000AHIER,"Hama - 63233 - Passe-partout Premium, blanc neige, 24 x 30 cm",Hama,,,,2
B0009V6OD2,"Hama Boîtier Slim Double (pour CD et disques Blu-Ray, Ultra Mince, avec Une Feuille pour la Couverture, Lot de 25) Transparent",Hama,,,,1
B0000AI2UP,"Hama Cadre photo ""Clip-Fixe"" (sans bordure, 50 x 70 cm, Anti-Reflex) Blanc",Hama,,,,1
B008JCRAGI,"Xavax Boîte de condensation pour sèche-linges à évacuation, Blanc, 28.5 x 23.5 x 23 cm",xavax,,,,1
B08SDVY3V6,"Hama Câble HDMI (Cable HMDI ultra haute vitesse, Certifié, Mâle-Mâle, Ultra HD, 8K@60 Hz /4K@120Hz, 2.0m, Garantie 30ans, résolution 7680x4320pixels, EARC supportant les formats audio) Gris Noir",Hama,,,,1
B00006J9WN,"Hama Boîtier Multipack (pour 4 CD/DVD/Blu-Ray, Multipack, 4 in 1, étui de Protection pour CD) Noir/Transparent",Hama,,,,3
B0053DXXJO,"Xavax Thermomètre analogique pour réfrigérateur, freezer ou congélateur (à suspendre au réfrigérateur, congélateur, cave à vin, minibar, minimum -30 degrés, maximum 50 degrés, format rond) Blanc",xavax,,,,1
B006PG6778,"Xavax - 111945 - Adaptateur pour valve de radiateur avec filetage M28 x 1,5mm",xavax,,,,1
B0026MT4AC,"Xavax Rallonge flexible d'arrivée d'eau renforcée (pour tuyau d’entrée lave-linge et lave-vaisselle, tuyau d’arrivée de réservoir anti-flambement, 1 m, 1 pièce) Argent",xavax,,,,1
B0BL1SQ8YK,"Hama Chargeur Allume Cigare USB (Chargeur de Voiture, 6 W, pour Samsung Galaxy S21 S22, Xiaomi, Sony, iPhone XR/XS Max/ 8 Plus, Huawei, LG, Wiko) Noir",Hama,,,,1
