Programme=[Retail],Aperçu du distributeur.=[Fabrication],Afficher par=[ASIN],Pays=[FR],Entreprises=[~ Hama EURL (FR)],Local=[fr_FR],Devise=[EUR],Intervalle des rapports=[Semaine],Champ de vision.=[23/02/2025 - 01/03/2025],Rapport mis à jour=[21/03/2025]
ASIN,"Nom du produit",Marque,"Chiffre d’affaires basé sur les commandes","Unités commandées","Chiffre d’affaires basé sur les expéditions","COGS expédié","Unités expédiées","Retours client"
B00005QFCJ,"Hama Adaptateur Cassette VHS-C/VHS (Convertisseur Vidéo VHS C vers VHS, Cassette Adaptatrice Motorisée pour magnétoscope, 6 Mm, Non Compatible 8mm/MiniDV/Hi8) Noir",Hama,"3 414,04 €",137,"3 463,88 €","2 848,11 €",139,29
B0000AISCF,"Hama Cadre photo en plastique Sevilla (taille du Cadre de 21 x 29,7 cm (DIN 4) avec bordure de 9 mm x 17 mm, pour une photo de 15 x 20 cm) Noir",Hama,"1 367,26 €",274,"1 312,37 €","962,28 €",263,3
B00D2S92L0,"Xavax Hama Boîte de transport pour un gâteau (boîte rond, Ø 31,5 x 8cm, avec diviseur, capote et compartiments, partie de service et gâteau de gâteau) Anthracite/Transparent",xavax,"1 093,40 €",80,"1 093,40 €","573,60 €",80,5
B00006JAQ7,"Hama 007103 - Ruban photo transparent, Blanc, 1000 pièces (2 paquets de 500 pièces)",Hama,"982,72 €",296,"956,16 €","812,22 €",288,1
B0764LMPBN,"Hama Multiprise avec Interrupteur 10 Prises 16A (Rallonge multiprises 3m, Bloc 10 Prises Type F Schuko, 3500W Max, Idéal Bureau PC luminaires, Atelier, Meuble TV, Garage) Noir",Hama,"866,32 €",52,"766,36 €","476,56 €",46,
B00005YVIU,"Hama Distributeurs Coins photo (1000 coins, autocollants, distributeur pratique, sans acide, sans solvant, adapté albums, permet un archivage fiable, scrapbooking) Transparent",Hama,"766,92 €",231,"740,36 €","647,81 €",223,
B00006JAXW,"Hama Plateau Universel Hama Rond (40 cm, Taille XL, Poids supporté 100 kg (idéal pour TV, Enceintes, écrans, appareils de Cuisine) Noir",Hama,"524,79 €",21,"449,82 €","213,66 €",18,2
B07CLVR52S,"Hama Album photo enfant ""Batzi"" (taille de l'album de 19 x 25 cm, format pour 200 photos 10 x 15 cm, avec 100 pages, papier stratifié, insertion latérale des photos, ours debout) Marron",Hama,"494,64 €",54,"403,04 €","281,16 €",44,
B00006J4EP,"Hama Boîtier standard (pour CD et disques Blu-Ray, Étui protecteur pour CD, paquet de 10) Noir/Transparent",Hama,"411,95 €",55,"381,99 €","191,25 €",51,
B00006IVA8,"Hama Cassette de Nettoyage VHS pour MAGNETOSCOPE (Nettoyeur de tête vidéo lecteurs VHS/S-VHS/VHS-C/S-VHS-C, Liquide de Nettoyage Inclus, Nettoyant de Têtes Vidéo - K7 Nettoyage VHS) Noir",Hama,"403,92 €",51,"427,68 €","491,40 €",54,
B0CLD3CC7D,"Hama Support TV Mural Fixe Ultrafin Garantie 10 Ans (Support TV Mural Extra-Plat, 80kg Max, Robuste, pour écrans LCD/LED/OLED/Plasma de 94 à 229 cm (37"" à 90"") VESA Max 600x400) Gris",Hama,"384,89 €",11,"244,93 €","199,78 €",7,
B00A44OC0G,"Hama Barre Multiprise 6 Prises avec Interrupteur Et Sécurité Enfant Cble Blanc 5 M",Hama,"371,14 €",22,"336,50 €","210,40 €",20,3
B0032DAL6U,"Hama Album photo ''Catania'' (taille 22 x 22 cm pour 200 photos au format 10 x 15 cm, 100 pages, papier stratifié, thématique mariage/vacances, emplacement pour CD, personnalisable) Gris",Hama,"356,69 €",39,"310,89 €","168,98 €",34,2
B000BGFJI6,"Hama Carte mémoire Photo (SD pour Photo/Classe 4, 2 GB - 10 MB/s) Bleu",Hama,"353,55 €",45,"345,61 €","213,60 €",44,
B0009V6Q30,"Hama Boîtier Slim (pour CD et disques Blu-ray, ultra mince, avec une feuille pour la couverture, lot de 25) Transparent/Bleu/Orange/Vert/Rouge/Violet",Hama,"349,65 €",35,"339,66 €","275,06 €",34,
B00006IVA9,"Hama CD de nettoyage (pour tête de lecture laser, pour éliminer la poussière dans les lecteurs de CD, CD de nettoyage au laser) Blanc/Bleu/Rouge",Hama,"346,66 €",38,"304,50 €","174,11 €",33,
B0002W5WEU,"Hama Boîtier Slim (pour DVD, Convient également aux CD et disques Blu-Ray, Ultra Mince, avec Une Feuille pour la Couverture, Lot de 25) Noir/Transparent",Hama,"311,52 €",22,"254,88 €","188,64 €",18,
B0002W5WBI,"Hama Boîtier Slim (pour CD et disques Blu-Ray, Ultra Mince, avec Une Feuille pour la Couverture, Lot de 100) Noir/Transparent",Hama,"306,06 €",9,"199,32 €","160,08 €",6,
B07BGLLS26,"Chiffons pour écrans, 100 pièces, dans un distributeur",Hama,"295,89 €",45,"249,10 €","158,38 €",39,1
B0000AI2JY,"Hama Cadre photo en plastique Sevilla (taille du Cadre de 50 x 60 cm avec bordure de 13 mm x 20 mm, pour une photo de 30 x 40 cm) Noir",Hama,"293,12 €",16,"219,84 €","129,96 €",12,
B00005UPC8,"Hama Boîtier standard double (pour CD et disques Blu-Ray, Étui protecteur pour CD, paquet de 10) Transparent",Hama,"289,71 €",29,"269,73 €","181,17 €",27,1
B01N6NQ73J,"Thomson Casque TV avec câble extra long (Casque d'écoute ajustable et rembouré, Cordon 8m, Idéal pour regarder la télé, écouter la musique, contrôle du volume, prise jack 3,5mm+adaptat. 6,35mm) Noir",Thomson,"288,47 €",16,"271,13 €","166,50 €",15,
B07GLF5SMF,"Hama Album Photo ""Fine Art"" (format 30 x 30 cm, 100 pages noires, sans spirale) Noir",Hama,"283,54 €",15,"352,12 €","180,54 €",18,
B08GRRDVN9,"Hama Destructeur de Documents Mini S6 (Broyeur Documents 6 Feuilles 80g, Destructeur Papier, Déchiqueteur sécurité P1, 72 DB, M/A Auto, Fonction Retour, s'adapte sur des Corbeilles à Papier) Noir",Hama,"283,45 €",11,"260,25 €","154,24 €",10,1
B0002W5WBS,"Hama Boîtier Slim (pour CD et disques Blu-Ray, Ultra Mince, avec Une Feuille pour la Couverture, Lot de 50) Noir/Transparent",Hama,"271,37 €",11,"248,05 €","125,00 €",10,
B0013IPAJY,"Hama Kit de Nettoyage et de réparation pour CD/DVD (25 ML de pâte de réparation, 45 ML de Liquide nettoyant, 1 Coque de Nettoyage, 5 Chiffons, 8 pièces) Blanc/Bleu/Rouge/Noir",Hama,"269,37 €",12,"269,37 €","173,16 €",12,
B06XB2Y8KR,"Hama Album traditionnel ""Lazise"" (taille de l'album de 22,5 x 22 cm, pour 200 photos au format 10 cm x 15 cm, 100 pages, avec pochette CD, élégant) Blanc/Noir/Rose",Hama,"262,20 €",30,"244,72 €","156,79 €",28,
B00SL6I2WI,"Hama Album Photo Jumbo ""Fine Art"" (Album 30x30cm, 50 feuilles/100 pages blanches, pour coller 400 Photos de 10x15 cm, Look livre sans spirale, Couverture personnalisable, Idée cadeau) Noir",Hama,"259,84 €",16,"211,12 €","105,33 €",13,
B0000AIS0W,"Hama Cadre photo en plastique Sevilla (taille du Cadre de 30 x 40 cm avec bordure de 9 mm x 17 mm, pour une photo de 20 x 28 cm) Blanc",Hama,"253,12 €",32,"221,48 €","142,80 €",28,
B003PFBLOQ,"Hama Horloge murale ""PP-245"" (radio-pilotée DCF, Pendule sans Tic Tac, Numérique, à led, sans fil, avec des piles, Format 24h, Calendrier, Jour, Thermomètre 0°C à +50°C, pause murale ou bureau) Plastique, Noir",Hama,"249,90 €",10,"199,92 €","143,52 €",8,
B00G3BMWQA,"Xavax Minuteur à œuf (avec fonction minuterie, sablier, en acier inoxydable) Argent",xavax,"248,87 €",35,"223,89 €","134,73 €",31,
B0BNLNC6KX,"Hama iTuner Hi-FI DIT2105SBTX Dab+ Bluetooth (Tuner Internet Radio FM Dab, Tuner HiFi, Radio numérique, RX/TX, WiFi, Spotify Connect, Amazon Music, App UNDOCK, Port USB, télécommande) Argenté",Hama,"244,02 €",1,"244,02 €","204,00 €",1,
B000EBFN70,"Hama Trépied Appareil Photo Vidéo 106.5cm Star 5"" avec Sac de Transport (Trépied Télescopique Aluminium 4 éléments, Tête 3 Voies 3D, Niveaux à Bulles intégrés, Attache Rapide) Beige",Hama,"211,20 €",15,"211,20 €","162,88 €",15,1
B0083M13TY,"Hama Cadre photo en plastique Sevilla (taille du Cadre de 29,7 x 42 cm (DIN A3) avec bordure de 9 mm x 17 mm, pour une photo de 18 x 24 cm, verre en polystyrène) Noir",Hama,"209,79 €",21,"159,84 €","91,20 €",16,
B07SZ3FCZH,"Hama Album photo mémo ""Forest"" (pour 200 photos au format 10 x 15 cm, album traditionnel enfant de 22,5 x 22 cm, 100 pages blanches, animaux, élégant, emplacement CD) Marron/Beige/Vert/Orange/Jaune",Hama,"205,82 €",15,"164,66 €","61,38 €",12,
B01K47GW46,"Hama Album photo Jumbo ""La Fleur"" 30 x 30 cm (livre photo de 100 pages blanches, album photos souvenirs pour 400 photos au format 10x15 cm, à personnaliser- à coller, Idée Cadeau, motif Feuilles) Noir",Hama,"205,58 €",19,"205,58 €","132,71 €",19,
B08GS8FVB5,"Hama Destructeur de Documents Basic S6 (Broyeur de Documents, Sécurité P-2, 6 Feuilles, Corbeille 8L, Découpe en Bandes 6mm, 70 DB, M/A Auto, Idéal Bureau & Maison) Noir",Hama,"204,12 €",7,"291,60 €","183,59 €",10,4
B0BNLLF6YV,"Hama iTuner Hi-FI DIT2105SBTX Dab+ Bluetooth (Tuner Internet Radio FM Dab, Tuner HiFi, Radio numérique, RX/TX, WiFi, Spotify Connect, Amazon Music, App UNDOCK, Port USB, télécommande) Noir",Hama,"199,17 €",1,"398,34 €","401,42 €",2,
B00AJKQ4YC,"Hama 2 Pieds Enceintes Universels (Supports Haut-Parleur, Hauteur réglable Max. 123 cm, antidérapant, Charge Max. 5 kg/Pied, câbles cachés, Haut-parleurs Hi-FI/Stéréo/Home Cinema) Noir",Hama,"197,49 €",3,"197,49 €","120,09 €",3,
B09MQQM1ZJ,"Xavax Socle machine à laver avec étagère (Support Sèche Linge Lave Linge,Réhausseur de Machines, Base universelle avec Pieds Réglables en hauteur, charge 150 kg) Blanc",Xavax,"197,14 €",2,"197,14 €","104,00 €",2,
B0C5JRX9HV,"Hama Multiprise avec Interrupteur 1.4m (6 Prises typeE, Norme NF, interrupteurs général + indiv. éclairés, Protection Surtensions, Montage Mural, Sécurité Enfants, 3680W/16A) Noir",Hama,"194,94 €",9,"173,28 €","135,34 €",8,
B00005QFB0,"Hama Étuis à négatifs, papier cristal, 7 bandes de 6 négatifs, 24x36cm, 25 pièces",Hama,"192,36 €",21,"210,68 €","122,13 €",23,1
B07T63BHGL,"Hama Album photo ""Hello Panda"" (pour 200 photos au format 10 x 15 cm, petit album de taille 22,5 x 22 cm, 100 pages blanches, panda, avec emplacement pour CD, élégant) Turquoise/Noir/Blanc",Hama,"192,36 €",21,"192,36 €","145,32 €",21,
B0002W5WE0,"Hama Boîtier Slim Double (pour DVD, Convient également aux CD et disques Blu-Ray, Ultra Mince, avec Une Feuille pour la Couverture, Lot de 25) Noir/Transparent",Hama,"184,08 €",13,"198,24 €","154,70 €",14,
B000V8QPQ4,"hama hama Câble d'antenne, prise coaxiale 75 db - prise coaxiale 10,0 m",Hama,"175,63 €",19,"245,55 €","109,62 €",27,
B001JTV1HW,"Hama Boîtier standard (pour DVD, convient également aux CD et aux Blu-ray, avec film pour l'insertion de la jaquette, lot de 5) Transparent",Hama,"174,65 €",35,"204,59 €","121,36 €",41,
B0000AI2XV,"Hama Cadre-galerie photo en plastique Madrid (taille de cadre de 25 cm x 55 cm, taille de la photo de 13 cm x 18 cm, 3 photos par cadre, à accrocher, élégant, simple, classique) Noir",Hama,"173,12 €",16,"151,48 €","104,69 €",14,
B0009V8WNW,"Hama Pochettes de Protection (en Papier pour CD/DVD/Blu-Ray, verrouillables, Lot de 100) Blanc/Transparent",Hama,"169,49 €",17,"159,52 €","48,48 €",16,
B00GS5N4D6,"Hama Support Mural TV FULLMOTION inclinable et pivotant pour TV écran Plat Entre 119 cm et 229 cm (47"" à 90""), jusqu'à 75 kg de Charge supportée, VESA 800x600, Noir",Hama,"167,54 €",1,"167,54 €","105,20 €",1,
B08SFPD9F2,"Hama Station météo sans fil interieur exterieur Meteotime (centre de prévision météorologique, Horloge radio pilotée DCF, Sonde sans fil, Thermomètre, Hygromètre, Alarme, Reveil, rétro éclairage) noir",Hama,"166,70 €",3,"163,08 €","141,79 €",3,
B0CNRZ9GWN,"Hama Boîte pour câbles Maxi (Boite Rangement pour Cables chargeurs et multiprises, boitier Cache câbles 40x15,5x13,5cm, Pieds en Caoutchouc) Blanc",Hama,"166,56 €",8,"104,10 €","70,05 €",5,
B00006JA17,"Hama Étuis à négatifs, Papier Cristal, 4 Bandes de 3 négatifs, 6X7 cm pour 3 negatif et jusqu'a 6 X 9 cm pour 2 negatif, 100 pièces",Hama,"166,56 €",8,"166,56 €","125,84 €",8,1
B00006JAMU,"Hama Étuis à négatifs, polypropylène, 7 bandes de 6 négatifs, 24x36cm, 25 pièces",Hama,"165,40 €",11,"212,64 €","133,25 €",13,
B07CKR6PKL,"Hama Album photo enfant ""Batzi"" (taille de l'album de 19 x 25 cm, format pour 200 photos 10 x 15 cm, avec 100 pages, papier stratifié, insertion latérale des photos, ours assis) Marron",Hama,"159,81 €",17,"178,13 €","121,41 €",19,
B00006JDEX,"Hama Plateau Universel Hama Rond (32 cm, Taille L, Poids supporté 80 kg (idéal pour TV, Enceintes, écrans, appareils de Cuisine) Noir",Hama,"150,37 €",8,"93,14 €","46,14 €",5,1
B07KWF2WPL,"Rapoo Souris optique sans fil Multi mode 2,4GHz/BT 3.0/BT 4.0 ""M300"" (bluetooth, souris d'ordinateur, design, avec boutons et molette de défilement) Gris foncé",Rapoo,"144,60 €",10,"144,60 €","111,00 €",10,
B00RLNCZ52,"Hama Album photo ""Moni"" (pour 200 photos au format 10 x 15 cm, album photo bébé de 100 pages blanches, ciel, élégant, pour filles, enfants, bébés) Rose, petit album de taille 22,5 x 22,5 cm",Hama,"143,58 €",12,"130,97 €","67,54 €",11,1
B079PN72PJ,"Hama Souris Optique sans Fil Riano (Souris Gauche sans Fil, avec récepteur Nano USB, Vertical, 800-1600 dpi, Interrupteur de Marche/arrêt, 3 Boutons, 2,4 GHz) Noir",Hama,"141,60 €",10,"127,44 €","90,86 €",9,1
B000FNO03K,"THOMSON Microphone Dynamique M150 (fiche Jack 3,52 mm, Longueur de câble 3 m, Party) Noir",Thomson,"141,60 €",10,"141,60 €","123,90 €",10,2
B000TSO2AM,"Hama Pochette (pour 104 CD/DVD/Blu-Ray, classeur de Rangement, Gain de Place pour Le Bureau, Le Salon et la Maison, étuis de Transport) Noir",Hama,"140,66 €",13,"140,66 €","93,47 €",13,
B001E725JM,"Hama Blu-Ray de Nettoyage (pour tête de Lecture, pour éliminer la poussière dans Les lecteurs de Blu-Ray, Blu-Ray de Nettoyage) Blanc/Bleu/Rouge",Hama,"135,28 €",8,"134,78 €","106,08 €",8,
B000VRFBM4,"Hama Album Photo ""Fine Art"" (format 36 x 32 cm, 50 pages noires, à spirale) Noir",Hama,"132,96 €",8,"216,06 €","104,52 €",13,
B08SDTHMQB,"Hama Album Photo bébé ""Our Baby"" personnalisable Scrapbooking (Album photo naissance, baptême, Cadeau d'anniversaire enfant, Style Mémo, 22,5 x 22 cm, 100 Pages, Max. 200 Photos 10x15 cm) Multicolore",Hama,"131,10 €",15,"139,84 €","88,00 €",16,
B000EORX5W,"Hama 00033833 Pochette, Noir (pour 120 CD/DVD/Blu-ray, classeur de rangement, gain de place pour le bureau, le salon et la maison, étuis de transport)",Hama,"130,96 €",8,"130,96 €","71,12 €",8,
B0BKYL622V,"Hama Power Pack Slim 5HD (Batterie Externe 5 000 mAh, Batterie Portable Charge Rapide, USB 3.0, Power Bank Compatible avec iPhone 14 13 12 11 X Samsung Xiaomi Huawei iPad etc) Blanc",Hama,"124,80 €",15,"66,56 €","78,56 €",8,
B0CP86Q49Q,"Hama Antenne intérieure (Antenne Réception Radio Numérique (Dab/Dab+) et Analogique FM, Amplification du Signal Actif jusqu'à 30 DB, Cäble 1.5m, Fiche F mâle, Alim Secteur) Noir",Hama,"123,28 €",4,"92,46 €","73,05 €",3,1
B00X5K84ZK,"Hama Album photo à pochettes ""New York City"" (pour 400 photos au format 10 cm x 15cm, taille de l'album de 25 cm x 34 cm, 100 pages, en cuir, protège les photos et les documents) Noir",Hama,"122,85 €",5,"147,42 €","78,72 €",6,
B00SL6I214,"Hama Album, Bleu, 30 x 30 cm",Hama,"119,88 €",9,"39,96 €","26,94 €",3,1
B000N94K22,"Hama Pochette (pour 64 CD/DVD/Blu-ray, classeur de rangement, gain de place pour le bureau, le salon et la maison, étuis de transport) Noir",Hama,"119,43 €",9,"106,16 €","50,48 €",8,
B00005QFAY,"Hama Étuis à négatifs, Papier Cristal, 7 Bandes de 6 négatifs, 24x36cm, 100 pièces",Hama,"117,14 €",4,"85,42 €","47,13 €",3,
B00005YVGK,"Pochettes pour 20 Diapositives encadrées de Format 5x5 cm, 25 pièces",Hama,"115,32 €",6,"76,88 €","31,01 €",4,1
B000K985GC,"Hama Boîtier Standard (pour DVD, Convient également aux CD et aux Blu-Ray, avec Film pour l'insertion de la Jaquette, Lot de 30) Noir",Hama,"114,94 €",5,"114,94 €","70,10 €",5,
B06XNNNB3B,"Hama Trolley pour caméra/Appareil Photo Miami (conçu spécialement pour Les photographes Amateurs et Professionnels, Taille du Trolley de 27 cm x 12 cm x 37 cm, 2,9 kg) Noir/Rouge",Hama,"114,24 €",1,"114,24 €","63,09 €",1,
B01K47CMCM,"Hama Album photo vierge ""La Fleur"" (album photo traditionnel 22,5 cm x 22,5 cm, 100 pages, pour l'insertion de 200 photos au format 10 cm x 15 cm, motif de feuilles, pochette CD) Blanc",Hama,"113,62 €",13,"139,84 €","99,28 €",16,
B0009V6OD2,"Hama Boîtier Slim Double (pour CD et disques Blu-Ray, Ultra Mince, avec Une Feuille pour la Couverture, Lot de 25) Transparent",Hama,"108,30 €",5,"151,62 €","82,95 €",7,
B07T4DM8JJ,"Hama Album photos enfant mémo ""Forest"" (livre photo 100 pages à pochettes, 200 photos 10x15 cm, album souvenirs 22,5 x 22 cm, Emplacement CD, Album Motif Renards) Marron/Beige/Vert/Orange/Blanc",Hama,"106,76 €",8,"93,10 €","38,49 €",7,1
B00UYZ1O6K,"Hama Support Mural TV Spécial Mur mensardé (pour Diagonale d'écran de 48 cm à 117 cm (19"" - 46""), pour Un Maximum de 20 kg, VESA jusqu'à 200 x 200) Noir",Hama,"105,03 €",3,"140,50 €","89,00 €",4,
B08HQH5PSV,"Hama Horloge Murale Numérique Jumbo (Radio-pilotée DCF, Très Grand Format d’Affichage, Affichage XL Heure-Date-température int.-humidité, à Suspendre ou Poser) Noir",Hama,"102,15 €",2,"102,15 €","80,00 €",2,
B00CRB69MI,"Hama Support de télécommande Major (pour 4 télécommandes au maximum, également pour rangement de lunettes, smartphones, contrôleurs, clés USB, porte-télécommande) Noir",Hama,"100,66 €",5,"122,64 €","59,94 €",6,1
B0CKJ46BFN,"Xavax Porte-capsules de café pour Tassimo (Distributeur de capsules à café, Support Rangement pour 26 capsules, Présentoir à Capsules Tassimo) Noir mat",Xavax,"99,96 €",6,"83,30 €","57,20 €",5,
B0032D8WCA,"Hama Album Photo Catania (Taille de l'album 29 x 32 cm pour 300 Photos au Format 10 x 15 cm, 60 Pages, Papier stratifié, thématique Mariage/Vacances, Personnalisable) Gris",Hama,"99,96 €",6,"99,96 €","49,26 €",6,
B078T62G9K,"Hama Souris Optique à 3 Boutons MC-200, Filaire, Blanche",Hama,"99,80 €",20,"94,81 €","70,50 €",19,
B08YRY2LQJ,"Hama Câble Jack 3.5 Male Male (Câble Auxiliaire Stéréo Jack 3.5mm, Cable Audio Garantie 10ans, 1.5m, compatible iPhone, iPod, iPad, Voiture, Casque, Autoradio, Smartphones, MP3) Noir",Hama,"97,95 €",29,"84,67 €","114,84 €",25,1
B071VWLNZB,"Hama 00137234 Alimentation pour PC",Hama,"97,90 €",5,"58,74 €","31,08 €",3,2
B0000AHIF7,"Hama Cadre portrait (taille de cadre 10x15 cm, taille de photos 10x15 cm, acrylique, format vertical, en plastique, 1 photo par cadre, élégant, simple, classique) Gris",Hama,"97,11 €",39,"97,11 €","63,57 €",39,
B0B638RFP2,"Hama Radio numérique DIR3200SBT (Spotify, WLAN/LAN/Dab + / FM, écran Couleur, Fonction USB, réveil et Diffusion Wi-FI, multiroom, télécommande, Application de Radio Gratuite) Noir",Hama,"95,62 €",1,"95,62 €","70,00 €",1,
B001F4ZWDK,"Hama Pochettes en polypropylène pour CD/DVD, paquet de 75, Transparent",Hama,"93,03 €",13,"116,69 €","70,20 €",15,
B00UV84E4O,"Hama Album photo vierge ""Anzio"" (album photo traditionnel format 22,8 cm x 22,3 cm, pour 200 photos 10 cm x 15 cm, 100 pages, instax, minimax, idéal pour un mariage) Beige/Noir",Hama,"92,97 €",7,"79,08 €","38,29 €",6,
B01BBTCVKA,"Hama Album Photo ""Fine Art"" (format 30 x 30 cm, 100 pages blanches, sans spirale) Malibu",Hama,"92,46 €",6,"117,92 €","70,56 €",8,
B01K47HIEY,"Hama Album photo ""Skies"" (album grand format, 22,5 x 22 cm, 100 pages, pour 200 photos au format 10 x 15 cm) Gris",Hama,"90,54 €",9,"120,72 €","64,68 €",12,
B071ZVN9LP,"Hama Albums photos ""Designline"" (couverture souple, 24 pages pour 24 photos au format 10x15 cm par album, résistant, pour archiver avec des anecdotes, protège la photo, mini album) Multicolore",Hama,"89,06 €",50,"75,08 €","40,48 €",46,
B001UBEV4O,"Hama Album, Gris, 36 x 32 cm",Hama,"88,22 €",6,"31,58 €","17,07 €",2,
B09RC7QDPM,"Hama Album photo ""Skies II"" (Album Elégant et Intemporel, Idéal mariage, anniversaire, baptême, 22,5 x 22 cm, 100 pages avec pochettes pour 200 photos 10x15 cm, Zone Mémo et pochette carte SD) Gris",Hama,"87,40 €",10,"69,92 €","56,80 €",8,
B08SDR1ZTM,"Hama Album photo grand format ""Compass"" (Album souvenirs Voyages, Vacances, Famille, Idée cadeau, 30x30 cm, 100 pages blanches à personnaliser et à coller, 400 photos 10x15 cm) Multicolore",Hama,"84,60 €",5,"50,76 €","22,20 €",3,
B00292AZN4,"Hama Cadre photo Clip-Fixe (sans bordure, 30 x 40 cm, Reflex) Blanc",Hama,"83,57 €",11,"83,57 €","35,09 €",11,
B00F2BNE82,"Hama Album Photo ""Fine Art"" (format 22,5 x 22 cm, 80 pages blanches, sans spirale) Gris",Hama,"83,20 €",10,"66,56 €","42,72 €",8,
B0009V8VAQ,"Hama Etui pour Lecteur et CD (pour Lecteur CD, pour Discman, 3 CD, avec Sortie de câble et Boucle de Ceinture) Noir/Bleu",Hama,"81,40 €",9,"69,68 €","40,88 €",8,1
B00005UPB7,"Hama Boîtier Standard (pour CD et disques Blu-Ray, Étui Protecteur pour CD, Paquet de 5) Transparent",Hama,"79,84 €",16,"64,87 €","43,96 €",13,
B074JDHBXG,"Hama Cadre en Plastique Madrid (Taille de Cadre de 21 cm x 29,7 cm, Taille de la Photo de 15 cm x 20 cm, 1 Photo par Cadre, à accrocher, élégant, Simple, Classique) Noir",Hama,"79,04 €",19,"91,52 €","48,93 €",22,
B00006JALB,"Hama Pinceau de Nettoyage pour Objectif (Lenspen) (pour Le Nettoyage des lentilles et des filtres, 12,5 cm de Long, Lenspen) Noir/Rouge",Hama,"78,89 €",7,"67,62 €","39,54 €",6,
B078T54CLX,"Hama Souris Optique à 3 Boutons MC-200, Filaire, Noire",Hama,"78,03 €",11,"78,03 €","38,49 €",11,
B000EORX52,"Hama Boîtier Slim (pour CD et disques Blu-Ray, Ultra Mince, avec Une Feuille pour la Couverture, Lot de 25) Transparent",Hama,"74,54 €",5,"74,54 €","51,95 €",5,1
B0000AHICV,"Hama Boîtier CD/DVD Slim (lot de 10 boitiers standards vierges pour CD/DVD et disques Blu-ray, ultra plat) Noir/Transparent",Hama,"74,52 €",8,"51,00 €","16,75 €",5,
B01K47GSQS,"Hama Album photo ""Skies"" (album grand format, 22,5 x 22 cm, 100 pages, pour 200 photos au format 10 x 15 cm) Beige",Hama,"74,52 €",6,"49,68 €","22,52 €",4,
B07ZBSXF1F,"Hama Trépied Appareil Photo Smartphone Caméra (Trépied Monopode en Aluminium, Compact, Pliable, Attache Rapide, Filetage 6.4mm, 50-165 cm Max)",Hama,"72,42 €",1,,,,
B01NCK7ZL3,"Hama Album Photo Fine Art (Format 30 x 30 cm, 100 Pages Noires, sans Spirale) Craie",Hama,"72,40 €",4,"72,40 €","42,19 €",4,
B01K47I1TK,"Hama Album Jumbo ""Skies"" (album grand format, 30 x 30 cm, 60 pages, pour 240 photos au format 10 x 15 cm) Gris",Hama,"71,35 €",5,"28,54 €","11,36 €",2,
B0BRL62B16,"Hama Multiprise Etanche 2 Prises 16A avec Interrupteur (Multiprise Extérieur Rallonge 2m, Bloc 2 Prises étanches IP44 avec Couvercle, Type F Schuko, 3680W, Idéal Jardin Garage Atelier Chantier) Noir",Hama,"69,79 €",4,"70,54 €","45,20 €",4,2
B079J94XKT,"Xavax Filtre permanent pour machine à café et thé (Ø 12 cm, hauteur 10 cm, maillage en acier inoxydable, réutilisable, va au lave-vaisselle, rechange pour taille 4) Noir",xavax,"69,24 €",6,"57,70 €","25,65 €",5,
B06XBXLK8B,"Hama Album photo ""Lazise"" (couverture souple, 24 pages pour 24 photos au format 10x15 cm, résistant, pour archiver avec des anecdotes, protège la photo, mini album) 4 Motifs cœur aléatoires",Hama,"68,20 €",55,"64,48 €","45,76 €",52,
B079173RCY,"Hama EMW-500 Souris Verticale Ergonomique Filaire - USB A, Capteur 1800 dpi, Droitier/e - Noire",Hama,"68,13 €",4,"67,64 €","46,28 €",4,
B06X9NRXV9,"Hama Album photo vierge ""Lazise"" (album photo traditionnel 29 cm x 32 cm, 50 pages blanches, pour 250 photos 10 cm x 15 cm, format maximum 28 cm x 31 cm) Doré/Blanc",Hama,"68,08 €",4,"66,32 €","37,21 €",4,1
B01BBTCVOQ,"Hama Album Photo Fine Art (Format 30 x 30 cm, 100 Pages Blanches, sans Spirale) Kiwi",Hama,"66,60 €",5,"66,60 €","40,90 €",5,
B08SDTGVK8,"Hama Album Photo Livre bébé ""My Little Me"" à personnaliser (Album photo naissance, baptême, Cadeau d'anniversaire enfant, Idéal scrapbooking, 29x32cm, 60 Pages, Max. 300 Photos 10x15 cm) Multicolore",Hama,"66,60 €",5,"53,28 €","31,96 €",4,
B0BL1R1718,"Hama Ring Light LED avec Trépied 12"" 215cm 'Spotlight Steady 120 II' (Selfie Anneau Lumineux, Lampe annulaire Réglable pour TIKtok/Youtube/Live Stream/Maquillage) Noir",Hama,"65,75 €",1,,,,
B096YFPTBR,"Hama Kit de Nettoyage d'Appareil Photo 4 en 1 ""Optic Dry (Kit de Nettoyage à Sec avec Stylo Lenspen + Chiffon Microfibre + Poire, pour Objectif Photo, Filtre, APN, Caméra Reflex, Jumelle, écran)",Hama,"65,68 €",4,"98,52 €","113,45 €",6,
B0BL1T1R5Y,"Hama Casque TV ShellTV (Casque Circum-Auriculaire Stéréo, idéal télé, câble Extra Long 6m, Jack 3.52mm mâle, Adaptateur Jack 6.35mm mâle Inclus, 20 Hz-20 kHz, 32 ohms, 113 DB/MW) Noir",Hama,"64,98 €",3,"64,98 €","38,84 €",3,
B07K2RD3MZ,"Hama Clé USB Rotate 8 GB, 10 MB/s, avec accroche porte-clés, flashpen, emballage fin Noir/Argent",Hama,"64,87 €",13,"49,90 €","52,30 €",10,
B084HZJ2TV,"Hama Album Photo ""Fine Art"" (format 30 x 30 cm, 80 pages blanches, sans spirale) Vert Tilleul",Hama,"63,48 €",4,"31,74 €","18,62 €",2,
B07Q4FLFQZ,"Hama X-Pointer Télécommande Pointeur Laser - Laser Rouge, Technologie Smart-Link, sans Fil 2.4 GHz - pour présentation Powerpoint - Noir",Hama,"62,46 €",3,"62,46 €","61,74 €",3,
B0CLD4V1MR,"Hama Support Mural TV Garantie 10ans (TV 37"" à 120"", VESA jusqu'à 1100 x 600, jusqu'à 100 kg, écran de 94 à 305 cm, Support Plat, Distance au Mur 2.8cm, avec Chevilles Fischer) Noir",Hama,"62,34 €",1,"62,34 €","44,01 €",1,
B009HSQ45G,"Hama Album Photo ""Fine Art"" (format 36 x 32 cm, 50 pages noires, à spirale) Kiwi",Hama,"60,70 €",4,"46,54 €","25,35 €",3,
B07TYWBSZN,"Hama Album photo Jumbo ""Forest"" (pour 400 photos au format 10 x 15 cm, album traditionnel enfant de 30 x 30 cm, 100 pages blanches, animaux, élégant) Marron/Beige/Vert/Orange/Jaune",Hama,"60,15 €",3,"60,15 €","25,56 €",3,1
B00005QF9N,"Hama Attache Rapide pour Trépied, Click II (Plateau Rapide Tête de Trépied, Fixation Rapide pour Appareil Photo/Caméscope à Filetage 1/4"" 6.4mm, pour Trépieds Gamma) Noir",Hama,"59,36 €",8,"74,20 €","62,20 €",10,
B00006J4DM,"Hama Adaptateur d'antenne (DIN mâle - ISO Femelle) Argent",Hama,"58,74 €",22,"69,42 €","40,30 €",26,
B00006J6HP,"Hama Casier de rangement Spirit II (système de classement sur socle pour CD, pour 44 boîtiers CD, porte-CD pour le rangement, organisateur antidérapant) Noir",Hama,"57,45 €",3,"38,30 €","16,34 €",2,
B00006J4FD,"Hama Multiprise 6 Prises 16A avec Interrupteur (Rallonge multiprises 1.4m, Bloc 6 Prises Type F Schuko, 3680W Max, Idéal Bureau PC luminaires, Atelier, Meuble TV, Garage) Blanc",Hama,"56,44 €",4,"56,44 €","20,48 €",4,
B0000AIRXA,"Hama Cadre photo en plastique Décor Sevilla (taille du Cadre de 30 x 40 cm avec bordure de 9 mm x 17 mm, pour une photo de 20 x 28 cm) Argent Mat",Hama,"55,37 €",7,"55,37 €","40,67 €",7,
B003O5MK7E,"Hama Passe-partout Premium, noir, 40 x 50 cm pour photo de 30 x 40 cm",Hama,"55,37 €",7,"63,28 €","37,06 €",8,
B0000AHIBP,"Hama Boîtier standard (pour 3 DVD, convient également aux CD et disques Blu-ray, avec film pour l'insertion de la jaquette, lot de 5) Noir",Hama,"55,30 €",5,"33,18 €","14,19 €",3,
B005DJKJ2C,"Hama Album, Vert, 30x30 cm",Hama,"54,96 €",6,"54,96 €","38,46 €",6,
B003LTLSFS,"Hama Chemin de câbles (Bande en Aluminium pour Montage Mural TV ou au Sol, Cache-câble Rectangle, 110 x 3,3 x 1,7 cm, entrée de câble jusqu'à 5 câbles, matériel de Montage Compris) Gris",Hama,"54,96 €",3,"54,96 €","34,50 €",3,
B0C5JQPC2P,"Classeur avec mécanisme à 4 anneaux, larg. 70 mm, avec étui, noir/gris",Hama,"54,96 €",3,"73,28 €","47,20 €",4,
B0BLZ1RZKG,"Hama Multiprise avec Interrupteur (Bloc 4 Prises Schuko 16A, Interrupteur Individuel éclairé, idéal économie d'énergie, Prises à 90°, œillet Suspension integré, 3680W, Cable 1.4m H05VV-F) Blanc",Hama,"54,96 €",3,"54,96 €","37,50 €",3,
B006JNYOGI,"Hama Cadre photo en plastique ""Sevilla"" Argent Mat (taille du Cadre de 21 x 29,7 cm (DIN 4) avec bordure de 9 mm x 17 mm, pour une photo de 15 x 20 cm, verre en polystyrène) Argent Mat",Hama,"54,89 €",11,"49,90 €","35,00 €",10,
B0BHZFGZ5Y,"Hama Casque Audio Shell (Casque Circum-Auriculaire Stéréo, 20 Hz-20 kHz, 32 ohms, 113 DB/MW, Jack 3.52mm mâle, Adaptateur Jack 6.35mm mâle Inclus, câble Extra Long 2 m) Noir",Hama,"54,52 €",4,"54,52 €","41,96 €",4,
B00006JABA,"Hama Adhésif Cinekett (pour films Super 8, 100 pièces, S8, 1 piste audio libre) Blanc/Rouge",Hama,"54,36 €",3,"91,68 €","59,90 €",5,1
B0BL1T8KYR,"Hama Lampe Annulaire LED avec Support (Ring Light LED Portatif, Reglable, Anneau Lumineux 10.2 Pouces, Extensible 52 à 138cm, Télécommande Filaire, Cold Shoe fournis)",Hama,"54,16 €",1,"54,16 €","44,00 €",1,
B0CYNHDSJ3,"Hama Ergo Tapis de Souris - Tapis de Bureau 2 en 1 avec Repose Poignet Intégré, Dessous Anti-Dérapant - Noir",Hama,"53,28 €",4,"53,28 €","46,24 €",4,
B0CYQG5C59,"Hama Album Photo pochette et zone Mémo ""Singo II"" (200 photos 10x15cm,100 pages, Format 22.5x22cm, Pochette carte mémoire, motifs Zen) Terracotta",Hama,"52,05 €",5,"10,41 €","5,99 €",1,
B08SDTPYQP,"Hama Mini Trépied de Table Pocket II Rotation (trépied avec Support Smartphone iPhone/Samsung/GoPro, Rotatif, inclinable Paysage Portrait, idéal Voyage, Pas de vis de 1/4"") Noir",Hama,"51,94 €",7,"59,36 €","70,88 €",8,
B00006JDOZ,"Hama Filtre UV (Anti-UV et Protection, Compensation 2X, Traitement antireflet, pour objectifs d'appareils Photo 52 mm, O-Haze, traité) Noir",Hama,"51,75 €",9,"46,00 €","36,24 €",8,
B07T4DLJ4Y,"Hama Album photo Jumbo ""Forest"" (pour 400 photos au format 10 x 15 cm, album traditionnel enfant de 30 x 30 cm, 100 pages blanches, renards, élégant) Marron/Beige/Vert/Orange/Blanc",Hama,"51,21 €",3,"51,21 €","28,65 €",3,
B00X3JFB40,"Hama Support de Casque (Frontal, pour GoPro) Noir",Hama,"49,92 €",6,"44,19 €","32,45 €",5,
B00006IVE7,"Hama Étuis à négatifs, papier cristal, 10 bandes de 4 négatifs, 24x36cm, 25 pièces",Hama,"49,60 €",5,"49,60 €","42,10 €",5,
B000VRANI6,"Hama Fine Art Bordeaux 50 Pages Noires/à spirales090144, Bordeaux, 36 x 32 cm",Hama,"48,56 €",3,"48,56 €","25,60 €",3,
B018VONYPY,"Hama Sonic Mobil 183 Enceintes pour Ordinateur - Système Stéréo 2.0, Haut-Parleurs Alimentés en USB, Connexion Jack 3.5mm - Noir/Rouge",Hama,"47,85 €",5,"38,28 €","27,40 €",4,
B0000AIRY7,"Hama Cadre en plastique Madrid (taille de cadre de 30 cm x 40 cm, taille de la photo de 20 cm x 28 cm, 1 photo par cadre, à accrocher, élégant, simple, classique) Noir",Hama,"47,46 €",6,"71,19 €","37,53 €",9,
B00006J9WN,"Hama Boîtier Multipack (pour 4 CD/DVD/Blu-Ray, Multipack, 4 in 1, étui de Protection pour CD) Noir/Transparent",Hama,"46,68 €",8,"40,04 €","11,40 €",6,3
B0000AIRVB,"Hama Cadre photo ""Clip-Fixe"" (sans bordure, 40 x 50 cm, Anti-Reflex) Blanc",Hama,"46,64 €",4,"58,30 €","34,28 €",5,
B00006JDF0,"Hama DVD de nettoyage (pour tête de lecture laser, pour enlever la saleté dans les lecteurs de DVD, DVD de nettoyage au laser) Blanc/Bleu/Rouge",Hama,"46,28 €",4,"57,85 €","30,30 €",5,
B0000AISQ8,"Hama Anneaux autocollants pour cadres photo (en métal, 10 pièces, attaches triangulaires, pour coller sur du bois, plastique ou métal) Blanc/Doré",Hama,"45,48 €",9,"50,45 €","25,50 €",10,
B0845FCYVX,"Hama EMW-500L Souris Verticale Ergonomique sans Fil - Technologie 2.4Ghz, Capteur 1800 dpi, Technologie Smart-Link, Gaucher/e - Noire",Hama,"44,98 €",2,"44,98 €","33,10 €",2,
B071YB8MFM,"Xavax Boîte de transport pour un gâteau (rectangulaire munie d'une poignée transparente, va au lave-vaisselle, boîte à gâteaux, maître d'hôtel) Anthracite/Transparent",xavax,"44,98 €",2,"44,98 €","28,24 €",2,
B07BBKMKJH,"Hama Cadre pour Vinyles (pour Pochette de 33 Tours, Aluminium, 31,5 x 31,5 cm) Noir",Hama,"43,48 €",2,"23,91 €","13,87 €",1,
B001JQF4ZU,"Hama Kit d'alimentation, 25mm²",Hama,"43,47 €",1,"43,47 €","32,01 €",1,
B000IH1W20,"Hama Lecteur USB 2.0 ""35en1"" (USB, lecteur cartes multiples, Lecteur de carte SD, SDHC, SDXC, Type I / II CF, MMC) Bleu",Hama,"43,28 €",4,"32,46 €","19,50 €",3,
B0BXPLLW89,"Hama Classeur à négatifs (4 anneaux, niveau de remplissage 39 mm, feuilles rectangulaires, album à négatifs d'une pellicule photo, housse de protection) Noir",Hama,"43,26 €",4,"54,50 €","30,75 €",5,
B0CLYJQ3YY,"Hama Bras articulé de Telephone (Support articulé, Bras Flexible Smartphone Webcam Mirco Tablette eclairage annulaire, Support Universel Inclus, Fixation de Table à vis, Filetage 1/4"", 70cm Max) Noir",Hama,"43,00 €",4,"43,00 €","43,16 €",4,
B079WF7RLR,"Hama Support Mural TV FULLMOTION (pour Une Diagonale d’écran de 81 à 165 cm (32"" à 65""), VESA Jusqu’à 400 x 400, Bras en Ciseaux) Noir",Hama,"42,94 €",1,,,,
B002ZX98MG,"Hama Boîtier Slim (pour DVD, Convient également aux CD et disques Blu-Ray, Ultra Mince, avec Une Feuille pour la Couverture, Lot de 10) Transparent",Hama,"42,42 €",6,"21,21 €","14,76 €",3,
B0000AHIIZ,"Hama Cadre photo Clip-Fixe (sans bordure, 15 x 21 cm, Reflex) Blanc",Hama,"42,33 €",17,"24,90 €","12,71 €",10,
B000EOVQI2,"Hama Boîtier CD Slim, Lot de 10, Transparent",Hama,"42,14 €",6,"36,73 €","15,75 €",5,
B06XP9GV5Q,"Sac à dos de caméra/appareil photo ""Miami"", 150, noir/rouge",Hama,"41,98 €",1,"41,98 €","29,33 €",1,
B08YRZD315,"Hama Adaptateur USB vers RJ45 (Adaptateur réseau USB 3.0 vers Gigabit Ethernet LAN 10/100/1 000 Mbit/s, Garantie 10 Ans, pour PC Portable, Tablette, MacBook, USB A vers routeur, Switch, Hub) Noir",Hama,"41,64 €",2,"41,64 €","29,22 €",2,
B074HZZQN4,"Horloge murale ""Easy Learning"" (horloge d'apprentissage analogique, pour enfants, pour apprendre l'heure, cadran d'apprentissage de diamètre 30 cm, silencieu) Blanc",Hama,"41,64 €",2,"41,64 €","25,64 €",2,
B000EOPSRM,"Hama Pochette (pour 40 CD/DVD/Blu-Ray, classeur de Rangement, Gain de Place pour Le Bureau, Le Salon et la Maison, étuis de Transport) Noir",Hama,"41,60 €",5,"24,96 €","16,89 €",3,
B0CKMSPK2N,"Hama Greenlight-Pointer Télécommande Pointeur Laser - 4 en 1, Laser Vert, sans Fil 2.4 GHz - pour présentation Powerpoint - Noir",Hama,"41,58 €",1,"41,58 €","28,50 €",1,
B00006JCRV,"Hama Boîtier Standard Double (pour CD et disques Blu-Ray, Étui Protecteur pour CD, Paquet de 5) Noir/Transparent",Hama,"41,13 €",9,"36,56 €","25,76 €",8,1
B0050GRN2W,"Hama Pochette Up To Fashion (pour 48 disques, CD/DVD/Blu-ray/livres audio, étui de rangement, gain de place pour la voiture, la maison, avec motif papillon) Rose",Hama,"40,98 €",3,"40,98 €","19,74 €",3,
B0000AIRXI,"Hama Plaque de Fixation Rapide pour Appareil Photo (Plaque d'attache Rapide pour appareils Photo avec Filetage 1/4"" (6,4 mm), Adaptateur tête de trépied Star 55 à 64"",""Gamma 153"", ""Action 165"") Noir",Hama,"40,74 €",7,"17,46 €","14,14 €",3,
B0C2PHJJ9H,"Hama EMW-700 Souris Verticale Ergonomique sans Fil - Technologie 2.4Ghz & Bluetooth® 4.2, Rechageable en USB C, Eclairage RGB, Capteur 2400 dpi, Multi-Devices - Grise Anthracite",Hama,"40,15 €",1,,,,
B072Q7YFFT,"Hama Album photo ""Designline"" (Album photo souvenirs mariage anniversaire, 22,5x22cm, 100 pages avec pochettes pour 200 photos 10 x 15 cm, Zone Mémo et pochette CD) Bleu Turquoise Blanc, Stripes",Hama,"40,14 €",3,"40,14 €","19,68 €",3,
B001730SIS,"Etui Fashion pour Sticks USB, Noir",Hama,"39,92 €",8,"29,94 €","29,34 €",6,
B003TKD3YS,"Hama Chemin de câbles (bande en aluminium pour montage mural TV ou au sol, cache-câble demi-rond, 110 x 3,3 x 1,8 cm, entrée de câble jusqu'à 5 câbles, matériel de montage compris) Gris",Hama,"39,56 €",2,"59,34 €","29,34 €",3,
B01NCQUYWP,"Répartiteur d’antenne AM/FM DAB SMB(f)",Hama,"39,00 €",1,"39,00 €","23,81 €",1,
B005DJKFUS,"Hama Album Photo Singo (Album Grand Format, 30 x 30 cm, 100 Pages, pour 400 Photos au Format 10 x 15 cm) Aqua",Hama,"37,86 €",3,"37,86 €","17,58 €",3,
B0002VFL1U,"Hama Pochettes pour CD-ROM/DVD-ROM (Pochettes CD Plastique, Pochette de Protection colorées, Lot de 100, Multicolore) Bleu/Orange/Violet/Rose/Vert",Hama,"37,47 €",3,"24,98 €","16,20 €",2,
B0000AISDG,"Hama Passe-partout (premium, dimensions : Extérieur : 40 cm x 50 cm / Intérieur : 28 cm x 35 cm) Blanc Arctique",Hama,"37,44 €",6,"31,20 €","19,85 €",5,
B01MS2OU9J,"Hama Chambre à air de vélo (Taille de 26"", avec Valve Automatique, Schrader) Noir",Hama,"37,24 €",4,"37,24 €","14,24 €",4,
B07KWC3KMG,"Rapoo Souris optique sans fil Multi mode 2,4GHz/BT 3.0/BT 4.0 ""M500"" (bluetooth, souris d'ordinateur, design, avec boutons et molette de défilement) Noir",Rapoo,"37,03 €",2,"37,03 €","28,56 €",2,
B08N1G1NWR,"Hama Lampe annulaire Ringlight LED 'SpotLight Work Area 67' (pour Smartphone/Tablette, support lumineux, idéal pour les vlogers, tiktok, instagram, facebook, Youtube) Noir",Hama,"36,96 €",2,"18,64 €","16,01 €",1,
B09N9TH54H,"Xavax Égouttoir Porte Bouteilles (Support d'égouttage jusqu'à 6 Bouteilles, Pots, biberons Verres Tasses ou Mugs, Egouttoir Compact et Design, idéal sodastream, air-up, Avent, Philips) Noir",Xavax,"36,64 €",2,"36,64 €","17,10 €",2,
B000L9RQJ8,"Hama Adaptateur Cassette Automobile (pour Smartphones, lecteurs MP3/CD, Jack 3,5 mm, Car Cassette Adapter) Noir",Hama,"35,72 €",4,"35,72 €","17,34 €",4,
B00RLNC8UY,"Hama Album photo ""Tim"" (pour 200 photos au format 10 x 15 cm, petit album de taille 22,5 x 22,5 cm, album photo bébé de 100 pages blanches, ciel, élégant, pour garçons, enfants, bébés) Bleu",Hama,"35,01 €",3,"11,67 €","5,79 €",1,
B01LGPGDWQ,"Hama Sacoche Vélo Porte-Bagage Arrière (Sac porte bagage de vélo 3 pièces, Sacoche de Siège Arrière Vélo 40L, Bande réfléchissantes, Habillage pluie, Sac bike life VTT Outdoor Voyage Sport) Noir",Hama,"34,99 €",1,"34,99 €","25,94 €",1,
B00006JCWM,"Hama Casier de rangement ""Spirit II"" (système de classement sur socle pour CD, pour 22 boîtiers CD, porte-CD pour le rangement, organisateur antidérapant) Noir",Hama,"34,96 €",4,"34,96 €","25,34 €",4,
B08SFG3JH5,"Hama Album photo ""To The Moon"" (Album souvenirs Anniversaires, Baptême, Baby Shower, Idée cadeau, 22.5x22 cm, 100 pages blanches, Zone Mémo, 200 photos 10x15 cm, Insertion latérale) Multicolore",Hama,"34,60 €",2,"51,37 €","26,34 €",3,
B00IZA0V4M,"Thomson Support Mural TV WAB846 (VESA 200x200, inclinable et orientable, avec 2 Bras, pour Une Diagonale d'écran de 25 à 117 cm (de 10"" à 46"")) Noir",Thomson,"34,17 €",1,"34,17 €","26,20 €",1,
B06XB66B6Y,"Hama Album photo vierge ""Lazise"" (album photo traditionnel 29 cm x 32 cm, 50 pages blanches, pour 250 photos 10 cm x 15 cm, format maximum 28 cm x 31 cm) Rose/Noir/Blanc",Hama,"33,74 €",2,"15,50 €","9,31 €",1,
B0BL1RQBPV,"Hama Chargeur Rapide 51W 5 Ports USB (Chargeur Qualcomm Quick Charge 3.0, Chargeur USB C, Adaptateur Secteur, Charge Rapide, 1 USB-A QC, 1 USB-C PD, 3 USB-A) Noir",Hama,"33,32 €",1,"33,32 €","24,20 €",1,
B08SFFNZ4D,"Rapoo Clavier et Souris sans Fil X 1800s"" (Pack Kit Clavier Souris sans Fil 2.4GHz, Dongle Nano USB, Autonomie 12mois, Souris Optique 1000DPI, Clavier AZERTY FR, Pavé Numérique, pour PC, Laptop) Noir",Rapoo,"33,32 €",2,"33,32 €","27,74 €",2,
B00N9SW6RA,"Hama Rossano USB Argent, Blanc - Claviers (Standard, Avec fil, USB, Argent, Blanc)",Hama,"33,32 €",1,"33,32 €","27,47 €",1,
B00AJJJNE6,"Hama Blu-Ray de nettoyage (pour tête de lecture, pour éliminer la poussière dans les lecteurs de Blu-Ray, Blu-Ray de nettoyage, emballage sans frustation) Blanc/Bleu/Rouge",Hama,"33,32 €",2,"33,32 €","19,72 €",2,
B084HYZP7G,"Hama Album Photo ""Fine Art"" (format 30 x 30 cm, 80 pages blanches, sans spirale) Sable",Hama,"32,80 €",2,"16,40 €","7,40 €",1,
B0CYMZ4GG9,"Hama Pocket 5 - Batterie Externe [Power Bank 5 000mAh] [Batterie Portable USB C Fast Charge], Compatible avec Les iPhones Samsung et Bien Plus - Gris Anthracite",Hama,"32,46 €",3,"32,46 €","27,32 €",3,
B06XB3M3NX,"Hama Album photo ""Liam"" (pour 200 photos au format 10 x 15 cm, album traditionnel enfant de 22,5 x 22 cm, 100 pages blanches, tigre, élégant) Marron/Orange/Noir/Blanc",Hama,"32,46 €",3,"43,28 €","26,04 €",4,2
B009HSQ3ES,"Hama Album Photo ""Fine Art"" (format 36 x 32 cm, 50 pages noires, à spirale) Turquoise",Hama,"32,38 €",2,"16,20 €","8,45 €",1,
B06XB72BS3,"Hama Album traditionnel ""Lazise"" (taille de l'album de 22,5 x 22 cm, pour 200 photos au format 10 cm x 15 cm, 100 pages, avec pochette CD, élégant) Blanc/Doré",Hama,"32,36 €",4,"32,36 €","22,32 €",4,
B00BYCGMEG,"Hama Album photo vierge ""Livorno"" (album photo traditionnel format 22 cm x 22 cm, pour 200 photos 10 cm x 15 cm, 100 pages, emplacement CD) Bleu/Blanc/Jaune",Hama,"32,12 €",3,"21,37 €","11,16 €",2,
B08GSRV3PB,"Hama Tête Thermostatique Connectée et Intelligente WiFi (pour Kit de Chauffage Connecté 00176592 Compatible Alexa Google Home, Robinet Intelligent pour Radiateur à Eau Chaude) Blanc",Hama,"31,96 €",1,"31,96 €","33,32 €",1,
B005DJKH1A,"Hama Album Photo ""Singo"" (album minimax, 22 x 22,5 cm, 100 pages, pour 200 photos au format 10 x 15 cm) Aqua",Hama,"31,93 €",3,"31,93 €","16,20 €",3,
B01K47GUKC,"Hama Album photo vierge ""La Fleur"" (album photo traditionnel 30 cm x 30 cm, 100 pages noires, de 400 photos au format 10 cm x 15 cm, motif de feuilles) Blanc",Hama,"31,11 €",2,"31,11 €","12,96 €",2,
B08SDYYDL2,"Hama Album mémo « Stamps » à personnaliser (Album souvenirs de famille ou de voyage, idéal cadeau et scrapbooking, 22x22,5 cm, album livre 100 Pages, Max : 200 Photos 10x15 cm) Multicolore",Hama,"31,00 €",3,"31,00 €","21,03 €",3,
B001UBGSZE,"Hama Album Photo Fine Art (Format 36 x 32 cm, 50 Pages Noires, à Spirale) Lilas",Hama,"29,98 €",2,,,,
B00005UPBH,"Hama Boîtier standard double (pour CD et disques Blu-Ray, Étui protecteur pour CD, paquet de 5) Transparent",Hama,"29,94 €",6,,,,
B0000AHIED,"Hama Cadre Photo Clip-Fixe (sans Bordure, 20 x 20 cm, Reflex) Blanc",Hama,"29,88 €",9,"39,84 €","25,92 €",12,
B075RGXBTD,"Hama Album Photo Fine Art (Format 36 x 32 cm, 50 Pages Blanches, à Spirale) Noir",Hama,"29,84 €",2,"29,84 €","14,52 €",2,
B000EOPSRC,"Hama Pochette (pour 20 CD/DVD/Blu-ray, classeur de rangement, gain de place pour le bureau, le salon et la maison, étuis de transport) Noir",Hama,"29,76 €",3,"39,68 €","15,92 €",4,
B0BHWL9GGB,"Hama Multiprise Euro 3 Prises (Distribution Alimentation Slim, Extra Plat, 3 Prises 'Euro' Femelles, 16A, 230V, Max 1700W, câble 2.5m) Blanc",Hama,"29,19 €",3,"54,29 €","28,45 €",5,1
B079P3WD2X,"Thomson Antenne intérieure ANT1538 (pour réception Radio/télévision numérique, HDTV/3D, DVB-T/T2, avec Amplification du Signal, Performance 45) Noir/Bleu",Thomson,"29,16 €",1,"29,16 €","25,07 €",1,
B0000WXD16,"Hama Trépied Appareil Photo 160cm Star 62"" avec étui de Transport (Trépied Télescopique Aluminium, Tête 3 Voies 3D, Attache Rapide fournie, Niveaux à Bulles intégrés) Beige",Hama,"29,08 €",1,"29,08 €","23,36 €",1,
B005GCMZD2,"Hama Album photo à pochettes ""Singo"" (couverture souple, pour 24 photos au format 18x13 cm, résistant, protège la photo) Couleur aléatoire parmi Orange, Vert, Bleu et rose",Hama,"28,98 €",14,"31,05 €","24,59 €",15,
B000EOVQIM,"Hama Pochette (pour 80 CD/DVD/Blu-Ray, classeur de Rangement, Gain de Place pour Le Bureau, Le Salon et la Maison, étuis de Transport) Noir",Hama,"28,60 €",2,"28,60 €","16,78 €",2,
B085WJZTD6,"Hama Station météo Touch Noir",Hama,"28,57 €",1,"28,57 €","22,39 €",1,
B0C7VK9TBD,"Hama Album photo Jumbo ""La Souris"" (livre photo album grand format 30x30cm, 80 pages blanches à personnaliser et à coller, album enfant pour 320 photos au format 10 x 15 cm, Motif Souris) Vert",Hama,"28,32 €",2,"28,32 €","21,80 €",2,1
B0BRYDB26C,"Hama Canosa V2 Souris sans Fil - Technologie Bluetooth® 5.0, Capteur 1600 dpi, Clics Silencieux, Ambidextre - Grise Anthracite",Hama,"28,32 €",2,"28,32 €","25,87 €",2,
B0C5JMXBV6,"Hama Multiprise Parasurtenseur avec Interrupteur Lumineux (Bloc 5 Prises 16A, Rallonge 1.5m, Prise Multiple économie d'énergie, Prises 45°, Prise Male Plate, 3680W, Cable H05VV-F3G1.5) Noir",Hama,"28,32 €",2,"28,32 €","17,44 €",2,
B0CP85387S,"Xavax 00220738 Raccord en Y, Blanc",Xavax,"28,28 €",4,"28,28 €","18,08 €",4,
B07PQHPTSG,"THOMSON Casque TV Stéthoscope HED4408 (câble de 8 m, léger pour Personnes âgées et porteurs de Lunettes, Casque stéréo pour TV, Casque Intra-auriculaire, Prise 3,5 mm, avec Adaptateur 6,35 mm) Noir",Thomson,"27,77 €",1,"27,77 €","22,37 €",1,
B000Y138NG,"Hama Boîtier CD ""Slim"" en polypropylène, lot de 20, Transparent",Hama,"27,48 €",3,"36,64 €","23,84 €",4,
B005DJKIKK,"Hama Album Photo ""Singo"" (album grand format, 30 x 30 cm, 100 pages, pour 400 photos au format 10 x 15 cm) Orange",Hama,"27,32 €",2,"38,86 €","18,54 €",3,
B00006JDOB,"Hama Étuis pour 20 diapositives avec cadre au format 5 x 5 cm (12 pièces, 20 glissières) Transparent",Hama,"27,24 €",3,"54,48 €","49,32 €",6,
B000VRANHW,"Hama Album Photo ""Fine Art"" (format 28 x 24 cm, 50 pages noires, à spirale) Noir 00090145",Hama,"26,64 €",2,"26,64 €","9,60 €",2,1
B01MXGY1S1,"THOMSON Casque HED2006BK/AN (Circum-aural, câblage uni-latéral, Over-The-Ear, Serre-tête, avec Fil, 20-20000 Hz, 1,2 m) Noir",Thomson,"26,48 €",2,"26,48 €","18,28 €",2,
B000N8UX88,"Hama Trépied Appareil Photo Star 20""",Hama,"26,16 €",3,"33,23 €","13,86 €",4,
B0DLL2P1BN,"Hama Splitter HDMI™ 4K, 1 In 2 Out, Noir",HAMA,"24,99 €",1,"24,99 €","21,52 €",1,
B0C8SY3J2Z,"uRage Souris Gaming RGB Reaper 250"" (Gaming Mouse Lumière LED, Ultra légère, droitier, 6 Boutons programmables, 6 200 dpi, capteur Optique, Logiciel, câble détachable 2m) Noir",uRage,"24,99 €",1,"24,99 €","17,25 €",1,
B0CNRY52S9,"Hama Boîte de Rangement Câbles 'Mini' (Cache câbles, pour Bureau, Maison, Rangement Chargeurs, Multiprises, Disques durs, 23.5x11.5x12.cm) Blanc",Hama,"24,98 €",2,"24,98 €","18,58 €",2,
B0D5HHBJ6Y,"Hama Cuir Synthétique Tapis de Souris - Tapis de Bureau élégant, Dessous Anti-Dérapant, Bords Cousus - Noir",Hama,"24,96 €",3,"24,96 €","26,65 €",3,
B00005K4A5,"Hama Filtre polarisant (Circulaire, Traité, 72mm, 2 Couches par Face) Noir",Hama,"24,92 €",1,,,,
B00005KHTE,"Hama Filtre polarisant (circulaire, Traité, 77mm, 2 couches par face) Noir",Hama,"24,92 €",1,"24,92 €","23,50 €",1,
B00I07LU40,"Hama Multiprise, ""6+1"" (commutable individuellement, avec protection anti-surtension, montage mural, pivotée à 45°, longueur de douille XL, protection enfant, longueur de câble de 1,4 m) Noir",Hama,"24,16 €",1,"24,16 €","14,13 €",1,
B08YS3CC9W,"Hama Câble HDMI (Cable HMDI ultra haute vitesse, Certifié, Mâle-Mâle, Ultra HD, 8K@60 Hz /4K@120Hz, 1.0m, Garantie 30ans, résolution 7680x4320pixels, EARC supportant les formats audio) Gris Noir",Hama,"24,16 €",1,"24,16 €","14,53 €",1,
B08M3X6PFG,"Hama Album Photo Couverture Rigide Tissu 30x30cm (Livre Photo, 400 photos 10 x 15cm à coller, 100 pages blanches separées par Papier Cristal, Album Scrapbooking DIY à Personnaliser) Bordeaux",Hama,"23,87 €",1,"23,87 €","13,94 €",1,1
B0000AISDL,"Hama Passe-partout Premium, blanc neige, 40 x 50 cm",Hama,"23,73 €",3,"23,73 €","12,81 €",3,
B08YS3GKHM,"Hama Adaptateur vidéo, fiche VGA - Port DVI, Full-HD 1080p, Métal, Garantie 10 Ans, Noir",HAMA,"23,28 €",4,"17,46 €","19,80 €",3,
B00006J9XX,"Hama Bloc 3 Prises Avec Terre 16A (Rallonge multiprises 1.4m, Prises Multiple Contact de Terre, Bloc Multiprise electrique Schuko, 3680W, ) Blanc",Hama,"23,28 €",4,"23,28 €","12,44 €",4,
B0CP85VQFG,"Xavax 00220734 Raccord de Siphon, Blanc",Xavax,"23,28 €",4,"17,46 €","9,41 €",3,
B01KHD5GUS,"Hama Multiprise, ""6+1"" (commutable individuellement, avec protection anti-surtension, montage mural, pivotée à 90°, longueur de douille XL, protection enfant, longueur de câble de 1,4 m) Blanc",Hama,"23,25 €",1,"23,25 €","15,33 €",1,
B000L10VLQ,"Hama Vide-poche (format DIN) Noir",Hama,"23,16 €",2,"11,58 €","10,98 €",1,
B00006JB4M,"Hama Filtre UV (anti-UV et protection, compensation 2X, traitement antireflet, pour objectifs d'appareils photo 77 mm, O-Haze, traité) Noir",Hama,"23,16 €",2,"23,16 €","20,10 €",2,
B00T7M8Y6E,"Hama Album photo à pochette minimax ""New York City"" (pour 100 photos au format 10 cm x 15cm, taille de l'album de 13,5 cm x 17 cm, 100 pages, en cuir, protège les photos et les documents) Noir",Hama,"23,10 €",2,"55,86 €","23,95 €",5,
B01K47EVSK,"Hama Album photo vierge ""La Fleur"" (album photo traditionnel 22,5 cm x 22,5 cm, 100 pages, pour l'insertion de 200 photos au format 10 cm x 15 cm, motif de feuilles, pochette CD) Noir",Hama,"22,62 €",2,"22,62 €","11,70 €",2,
B0BL1WML6W,"Hama Support Téléphone Voiture Magnet (Support téléphone pour Voiture aimanté, Fixation à Ventouse, pivotable 360°, Inclus 2 plaques métaliques) Noir",Hama,"22,49 €",1,"22,49 €","17,45 €",1,
B079175GWR,"Hama Souris Ergonomique sans Fil (Souris Verticale sans câble pour droitiers, Souris sans Fil sans Fil avec capteur Optique 1000/1400/1800 dpi) Noire, Prise USB Type-A, Pile AA Mignon",Hama,"22,49 €",1,,,,
B0000AIS8P,"Hama Cadre photo en plastique ""Décor Sevilla"" (taille du Cadre de 21 x 29,7 cm (DIN 4) avec bordure de 9 mm x 17 mm, pour une photo de 15 x 20 cm) Argent Mat",Hama,"22,48 €",4,"22,48 €","14,00 €",4,
B006WYIWVM,"Hama 2 Clés de desserrage pour filtres Photo (pour filtres de 62 à 86mm) Noir",Hama,"22,47 €",3,"22,47 €","17,73 €",3,
B0CNRYZR3R,"Hama Boîte pour câbles Maxi (Boite Rangement pour Cables chargeurs et multiprises, boitier Cache câbles 40x15,5x13,5cm, Pieds en Caoutchouc) Noir",Hama,"21,66 €",1,"43,32 €","28,02 €",2,
B07F3RKPTB,"Hama Support mural pour Google Home mini (pour enceinte sans/avec fil, support d'enceinte, pour un alignement et une présentation optimaux de l'enceinte, montage mural) Blanc",Hama,"21,64 €",2,"21,64 €","12,10 €",2,
B00792A822,"Etui ""Vegas"" pour 5 clés USB, noir",Hama,"21,64 €",2,"21,64 €","14,98 €",2,
B00005KHTC,"Hama Filtre polarisant (circulaire, Traité, 62mm, 2 couches par face) Noir",Hama,"21,58 €",1,"21,58 €","20,22 €",1,
B07GL8PS46,"Hama Album Photo ""Fine Art"" (format 30 x 30 cm, 100 pages noires, sans spirale) Bordeaux",Hama,"21,24 €",1,"43,52 €","21,56 €",2,
B0002VFL1K,"Hama Pochettes pour CD-ROM/DVD-ROM (Pochettes CD plastique, pochette de protection colorées, lot de 50, Multicolore) Bleu/Orange/Violet/Rose/Vert",Hama,"21,21 €",3,"14,14 €","9,68 €",2,
B000EOVQIW,"Hama Pochette (pour 160 CD/DVD/Blu-ray, classeur de rangement, gain de place pour le bureau, le salon et la maison, étuis de transport) Noir",Hama,"21,15 €",1,"21,15 €","15,69 €",1,
B00006JDAX,"Hama Pâte adhésive (250 g, pour fixer, spécialement conçu pour la photo) Gris Neutre",Hama,"21,05 €",1,"21,05 €","13,76 €",1,
B0002W6FOQ,"Hama Etui universel (pour cartes mémoire, pour cartes CF/SM/SD/MMC/xD/MStick, pour 20 cartes) Noir/Gris",Hama,"20,92 €",1,"20,92 €","7,56 €",1,
B096YVXP2N,"Hama Hub USB-C Multiports (Adaptateur 5 en 1: 3 USB-A, 1 USB-C Power Delivery PD, 1 HDMI, Station d'Acceuil Ordinateur Portable/Tablette MacBook Pro, MacBook Air, iPad Pro, Dell et XPS) Noir",Hama,"20,83 €",1,"20,83 €","13,22 €",1,
B0BL18HRQF,"Hama Support Téléphone Voiture Easy Snap (pour Smartphones d’Une Largeur de 5,5 à 8,5 cm, Support à Ventouse, pivotable 360°) Noir",Hama,"20,82 €",1,"20,82 €","14,85 €",1,
B0DGLN4233,"Hama Prise Connectée Etanche Matter (IP44, Prise Wifi Alexa Google, App Control, Aucun Hub requis, Prise Exterieure Etanche connectée Programmable) Noir",Hama,"20,82 €",1,"20,82 €","14,21 €",1,
B0CP84WF61,"Hama Support TV Mural Fixe Garantie 10 Ans (Support TV Mural Extra-Plat, 40kg Max, Robuste, pour écrans LCD/LED/OLED/Plasma de 81 cm à 191 cm (32 à 75""), VESA Max 400x400) Noir",Hama,"20,82 €",1,"20,82 €","17,96 €",1,
B0BL1R3S16,"Hama Câble iPhone (Câble Lightning Certifié MFI, Câble Chargeur iPhone USB/Lightning, 1.5m, Refléchissant, Idéal Apple iPad/iPhone 14 13 12 11 Pro Max Plus mini SE XS Max XR X 8 7) Bleu",Hama,"20,82 €",1,,,,
B07S3HXC8W,"Visionneuse LED, grossissement Triple",Hama,"20,75 €",1,"20,75 €","13,35 €",1,
B01DZGIJ26,"Hama Support mural TV FULLMOTION inclinable et pivotant pour TV écran plat entre 48 cm et 122 cm (19"" à 48""), jusqu'à 20 kg de charge supportée, VESA 200x200, Noir",Hama,"20,59 €",1,"20,59 €","15,10 €",1,
B00006JEAY,"Hama Filtre UV (anti-UV Et Protection, Compensation 2X, Traitement Antireflet, Pour Objectifs D'appareils Photo 49 Mm, O-Haze, Traité) Noir",Hama,"20,19 €",2,,,,
B078T73Z22,"Hama Souris sans Fil avec Mini Récepteur USB MW-110 (Résolution Capteur 1000 PPP, 2.4 Ghz, pour Droitiers & Gauchers, 3 Boutons, Ultra-Compacte, idéale PC, Mac, Ordinateur Portable, Tablette) Noir",Hama,"19,98 €",3,,,,
B00005QFAZ,"Hama Étuis à négatifs (Lot de 25 Pochettes Rangement Diapos/Negatifs Photo, pour Classeurs à Anneaux, 4 Bandes/Feuille, en Papier Cristal)",Hama,"19,84 €",2,"29,76 €","24,66 €",3,
B009X8SIV8,"Hama Album Photo ""Fine Art"" (format 28 x 24 cm, 50 pages noires, à spirale) Taupe",Hama,"19,17 €",2,"10,06 €","5,63 €",1,
B0000AIRTH,"Hama Cadre photo en plastique ""Décor Sevilla"" (taille du Cadre de 30 x 45 cm avec bordure de 9 mm x 17 mm, pour une photo de 20 x 30 cm) Or Mat",Hama,"19,14 €",2,"19,14 €","13,00 €",2,
B001UBD14U,"Hama Album Photo Fine Art (Format 28 x 24 cm, 50 Pages Noires, à Spirale) Vert Pomme",Hama,"19,14 €",2,"19,14 €","11,26 €",2,
B00005KHTA,"Hama Filtre polarisant (circulaire, Traité, 52mm, 2 couches par face) Noir",Hama,"19,08 €",1,"38,16 €","35,20 €",2,
B08SDTGG5L,"Hama Album Photo bébé ""Our Baby"" à personnaliser (Album photo de naissance, baptême, Cadeau d'anniversaire enfant, Idéal scrapbooking, 29 x32 cm, 60 Pages, Max. 300 Photos 10x15 cm) Multicolore",Hama,"18,60 €",1,"18,60 €","8,55 €",1,
B0BHZD1NNZ,"Hama Multiprise avec Interrupteur (Bloc 4 Prises Schuko 16A, Interrupteur Individuel éclairé, idéal économie d'énergie, Prises à 90°, œillet Suspension integré, 3680W, Cable 1.4m H05VV-F) Noir",Hama,"18,32 €",1,,,,
B0BL1RYFT8,"Hama MW-300 V2 Souris sans Fil - Technologie 2.4Ghz, Capteur 1600 dpi, Clics Silencieux, Ambidextre - Rouge",Hama,"18,32 €",2,"9,16 €","7,87 €",1,1
B0BL1SS1WK,"Hama MW-300 V2 Souris sans Fil - Technologie 2.4Ghz, Capteur 1600 dpi, Clics Silencieux, Ambidextre - Noire",Hama,"18,32 €",2,"9,16 €","7,93 €",1,
B00T7M8ET6,"Hama Album photo à pochettes ""New York City"" (pour 200 photos au format 10 cm x 15cm, taille de l'album de 19 cm x 23,5 cm, 100 pages, en cuir, protège les photos et les documents) Noir",Hama,"17,76 €",1,"17,76 €","7,96 €",1,
B06XB6RY6Q,"Hama Album photo ""Joana"" (pour 100 photos au format 10 x 15 cm, album traditionnel enfant de 25 x 25 cm, 50 pages blanches, château, licorne, élégant) Rose/Blanc",Hama,"17,48 €",2,"17,48 €","11,38 €",2,
B084J116L1,"Hama Album Photo ""Fine Art"" (format 30 x 30 cm, 80 pages blanches, sans spirale) Lilas",Hama,"17,42 €",1,,,,
B0002W5W8Q,"Hama Pochettes de protection (pour CD/DVD/Blu-Ray, design étroit, pochette en plastique, lot de 100) Transparent",Hama,"17,38 €",1,"17,38 €","9,69 €",1,
B0054RDOCA,"Thomson Télécommande Universelle 2 en 1 ""ROC 2411"" (Télécommande avec Fonction d'apprentissage, Convient pour Deux appareils, pour Plus de 1 000 Marques) Noir",Thomson,"17,37 €",1,"17,37 €","11,40 €",1,
B0BTZTVX1B,"Hama Prise Secteur Multiple, Chargeur Multiprises 4en1: 1 Sortie AC, 1 USB-C PD et 2 Ports USB-A, Prise Murale Electrique Compatible avec iPhone/iPad, Idéal pour Chambre Bureau Domicile 16A/4000W",Hama,"16,66 €",1,"16,66 €","13,74 €",1,
B00006IVSE,"Hama Feuillets pour CD (avec 60 fiches pour étiquetage, archivage, 10 étuis pour 6 CD/DVD/Blu-Ray, adaptés aux dossiers A4, Format A4, pour Le Rangement) Transparent",Hama,"16,64 €",2,"8,32 €","4,94 €",1,
B08YS1ZZ99,"Hama Hub USB Garantie 10ans '00200119' (4 Ports USB 2.0, 480Mbit/s, Plug&Play, Idéal PC, Ordinateur Portable, Tablette, MacBook) Noir",Hama,"16,64 €",2,"16,64 €","9,96 €",2,
B017JY5APO,"Hama Fine Art à Spirales 50 Pages Noires 2109, Craie, 36 x 32 cm",Hama,"16,20 €",1,"16,20 €","8,45 €",1,
B000VRCKT6,"Hama Album Photo ""Fine Art"" (format 36 x 32 cm, 50 pages noires, à spirale) Bleu",Hama,"16,20 €",1,,,,
B009HSQ4JM,"Hama Album Photo ""Fine Art"" (format 36 x 32 cm, 50 pages noires, à spirale) Azur",Hama,"16,18 €",1,"16,18 €","8,45 €",1,
B0D6CC34HZ,"Hama Coque pour iPhone 15 ""Daily Protect [Housse de Protection avec Rangement Carte] [Etui à Rabat] - Noir",Hama,"15,82 €",1,"15,82 €","14,20 €",1,
B0DGL6VC12,"Hama Coque pour iPhone 16 Plus Daily Protect [Housse de Protection avec Rangement Carte] [Etui à Rabat] - Noir",Hama,"15,82 €",1,"15,82 €","14,20 €",1,
B096YDY67K,"Hama Chiffon de Nettoyage en Microfibres Pocket (Chiffon avec Sac de Rangement et Mousqueton, idéal pour Appareil Photo Objectif Écran Caméra Smartphone Ipad Bijoux Filtre Lunette)",Hama,"15,82 €",2,"15,82 €","6,90 €",2,
B003KKWLJA,"Xavax Raccord de tuyau d' arrivée d'eau en laiton (pour tuyaux d’arrivée de lavage et de lave-vaisselle, embout de tuyau d’admission) Dorée",xavax,"15,54 €",2,"15,54 €","8,28 €",2,
B01I6H59KE,"Hama Sonic LS-206 Enceintes pour Ordinateur - Système Stéréo 2.0, Haut-Parleurs Alimentés en USB, Connexion Jack 3.5mm - Noir/Argent",Hama,"15,53 €",1,"15,53 €","11,04 €",1,
B0186CU9A4,"Hama Album Photo ""Fine Art"" (format 29 x 32 cm, 50 pages blanches, sans spirale) Bleu",Hama,"15,24 €",1,"15,24 €","10,19 €",1,
B00W5C0BRS,"Hama Casque Stéréo HK-229 (Casque Audio Supra-Auriculaire pour Lecteur mp3, iPod, Bande passante de 20 Hz - 20 kHz, Jack 3,52mm mâle, câble uni-latéral de 1,5 m, Ajustable et léger) Noir/Gris",Hama,"15,21 €",1,"15,21 €","10,60 €",1,
B075RGTRF5,"Hama Album Photo Fine Art (Format 36 x 32 cm, 50 Pages Blanches, à Spirale) Bordeaux",Hama,"15,03 €",1,"15,03 €","7,26 €",1,
B000L9OBAA,"Hama Tube pour câbles (faisceau de câbles, forme en spirale, longueur 2,5 mètres, diamètre 20 mm) Noir",Hama,"14,99 €",1,"14,99 €","9,85 €",1,
B0C5JQ7TLS,"Hama C-Rotate Pro Clé USB 3.1 - Flash Drive 128 Go, Vitesse jusqu'à 100 Mo/s, Clef avec connecteurs USB A & USB C, pour PC/Mac/Tablette et Smartphone - Argentée",Hama,"14,99 €",1,"14,99 €","15,40 €",1,
B0017UGOX4,"Hama Passe-Partout (Premium, Dimensions : Extérieur : 30 cm x 40 cm/Intérieur : 20 cm x 27 cm) Blanc Arctique",Hama,"14,97 €",3,,,,
B00IYX10YA,"Hama Cadre photo en plastique Sevilla (taille du Cadre de 29,7 x 42 cm (DIN A3) avec bordure de 9 mm x 17 mm, pour une photo de 18 x 24 cm, verre en polystyrène) Bleu",Hama,"14,96 €",1,"14,96 €","5,10 €",1,
B01IW9057S,"Hama Album photo traditionnel ""Rustico"" (album mémo, album de 22,5 x 22,5 cm, 100 pages blanches, 200 photos au format 10x15, idéal pour le scrapbooking, insertion des photos) Love Key",Hama,"14,93 €",1,"14,08 €","5,56 €",1,
B08YS353GM,"Hama Adaptateur vidéo, fiche HDMI™ - Port VGA, Port Audio, Full-HD 1080p",Hama,"14,84 €",1,"14,84 €","11,44 €",1,
B01N4C15H5,"Hama Album Photo Fine Art (Format 30 x 30 cm, 100 Pages Blanches, sans Spirale) Bordeaux",Hama,"14,78 €",1,"14,78 €","8,50 €",1,
B0000AISF4,"Cadre tableau sans bordure Clip-Fix 30x40 antireflet",Hama,"14,65 €",1,"14,65 €","4,41 €",1,
B00006JDJU,"Hama - 46020H - Micro monophonique, finition noire métal, jack de 3,5mm et adaptateur 3,5/6,35 mm, interrupteur marche/arrêt sur le micro, 600 Ohms, dynamique et unidirectionnel - Cordon 3.00m",Hama,"14,65 €",1,"14,65 €","8,84 €",1,3
B09FBSCB6Q,"Hama Album photo à spirale ""Craft"" (Album souvenirs mariage, anniversaire, baptême, 24x17 cm, 40 pages en papier Kraft chic à personnaliser et à coller, jusqu'à 40 photos de 10 x 15 cm) Marron",Hama,"14,60 €",2,"7,30 €","4,64 €",1,
B0000AISOV,"Hama Cadre photo Clip-Fixe (sans bordure, 30 x 30 cm, Reflex) Blanc",Hama,"14,43 €",1,"14,43 €","3,11 €",1,
B07CQ99GFZ,"Hama Album Photo ""Fine Art"" (format 28 x 24 cm, 50 pages noires, à spirale) Flamant",Hama,"14,40 €",1,"14,40 €","6,14 €",1,
B006L9T90G,"Ventilateur USB avec LEDs de couleur",Hama,"14,29 €",1,"14,29 €","5,79 €",1,
B079P3WHJ5,"Hama Kit de Nettoyage pour disques Vinyles (Nettoyage et Entretien de Disque Vinyle, Solution Spray pour Vinyl et Brosse de Nettoyage) Noir",Hama,"14,16 €",1,"14,16 €","10,18 €",1,
B0000AI3IZ,"Hama Cadre photo en plastique Décor Sevilla (taille du Cadre de 40 x 50 cm avec bordure de 13 mm x 20 mm, pour une photo de 40 x 50 cm) Or Mat",Hama,"14,16 €",1,"42,48 €","24,45 €",3,1
B009HSQ3OS,"Hama Fine Art 50 pages Noires/à spirales 10608, Rose, 36 x 32 cm",Hama,"14,16 €",1,,,,
B000Z1UORI,"Hama Album Photo Fine Art (Format 24 x 17 cm, 50 Pages Noires, à Spirale) Noir",Hama,"14,14 €",2,"7,07 €","3,93 €",1,
B005DJXZIM,"Hama Album Photo Singo (Album minimax, 13 x 16,5 cm, 100 Pages, pour 100 Photos au Format 10 x 15 cm) Vert",Hama,"13,54 €",2,,,,
B00X3NTCIC,"Hama Laeta Twin Clé USB 3.0 - Flash Drive 128 Go, Vitesse jusqu'à 40 Mo/s, Clef avec connecteurs USB A & Micro USB, pour PC/Mac/Tablette et Smartphone - Grise",Hama,"13,46 €",1,"13,46 €","12,40 €",1,
B00006IVSZ,"Hama Pochette ""Pare-soleil"" (pour véhicule, pour 12 CD/DVD/Blu-Ray) Noir",Hama,"13,37 €",1,"13,37 €","5,14 €",1,
B00EYVW7TI,"Hama Multiprise 6 Prises 16A avec Interrupteur (Rallonge multiprises 3m, Bloc 6 Prises Type F Schuko, 3680W Max, Idéal Bureau PC luminaires, Atelier, Meuble TV, Garage, sécurité Enfants) Noir",Hama,"13,32 €",1,"13,32 €","9,29 €",1,
B0CNGY9DBG,"Xavax Mousseur à lait (Batteur à lait, fouet inox très puissant 14 000 tr/min, Emulsionneur à lait à piles, Fouet Électrique Idéal Café Latte Cappuccino Macchiato Matcha Sauces Blancs d'oeufs) Noir",Xavax,"13,32 €",2,"19,98 €","12,15 €",3,
B0000AHICD,"Hama Boîtier ""Slim"" double (pour CD et disques Blu-ray, ultra mince, avec une feuille pour la couverture, lot de 10) Transparent",Hama,"13,32 €",2,"13,32 €","10,14 €",2,
B095CSQVHG,"Hama Lot de Mini-Tournevis 24 en 1 avec Pochette (idéal Petites Réparations Electronique, Manche en Aluminium, 24 Embouts interchangeables, Garantie 10ans) Noir",Hama,"13,32 €",1,"26,64 €","19,60 €",2,
B00AJJJMLU,"Hama 116200 Nettoyeur de Lentille Laser DVD ""Deluxe"", Bleu, 1,3 cm*22,5 cm*15,0 cm",Hama,"13,32 €",1,"13,32 €","7,00 €",1,
B005DJKJIQ,"Hama Album Photo ""Singo"" (album grand format, 30 x 30 cm, 100 pages, pour 400 photos au format 10 x 15 cm) Rose",Hama,"13,27 €",1,"13,27 €","6,41 €",1,
B000S8FNTM,"Hama E 80 Enceintes pour Ordinateur - Système Stéréo 2.0, Haut-Parleurs Alimentés en USB, Connexion Jack 3.5mm, Sortie Casque - Noir",Hama,"12,98 €",1,"12,98 €","9,08 €",1,
B0791821RN,"Lecteur multi-cartes USB 3.0, SD/microSD/CF/MS, noir",Hama,"12,91 €",1,"12,91 €","8,40 €",1,
B01KFLHB1E,"Hama Album photo vierge ""Bernd"" (album photo traditionnel format 22,5 cm x 22 cm, 100 pages, pour 200 photos 10 cm x 15 cm) Marron/Blanc/Noir",Hama,"12,82 €",1,"12,82 €","5,58 €",1,
B002N8WE2Y,"Hama Etui universel (pour cartes mémoire, pour cartes SD, pour 12 cartes SD) Noir",Hama,"12,50 €",1,"12,50 €","7,71 €",1,
B0CP84S143,"Hama Support Mural TV Inclinable Garantie 10ans (TV 10"" à 26"", 66cm et 30Kg Max, Parfait pour Amazon Echo Show 15, Inclinaison + 10°/- 15°, VESA 100 x 100 Max, Chevilles Fisher & Gabarit) Noir",Hama,"12,49 €",1,"12,49 €","9,53 €",1,
B0BL1H5S5W,"Hama Ecouteurs sans Fil Tour du Cou Freedom Run (Casque Bluetooth Intra-Auriculaires Tour d'oreille avec Micro, 6h d'autonomie, Idéal Sport, Course, Vélo, Gym, Contrôle Vocal) Noir",Hama,"12,49 €",1,"12,49 €","14,80 €",1,
B0BL1QRYP7,"Hama MW-400 V2 Souris sans Fil - Technologie 2.4Ghz, Capteur 1600 dpi, Technologie Smart-Link, Droitier/e - Verte",Hama,"12,49 €",1,,,,
B00006JAOZ,"Hama Fusibles en Verre (fusible de voiture, 40A, 10 x 38mm, plaqué or, 2 pièces) Or/Transparent",Hama,"12,48 €",3,"12,48 €","5,34 €",3,
B0000AISEE,"Hama Cadre photo ""Clip-Fixe"" (sans bordure, 30 x 30 cm, Anti-Reflex) Blanc",Hama,"12,48 €",2,"18,72 €","13,14 €",3,1
B00006JBG4,"Hama Boîtier Standard (pour CD et disques Blu-Ray, Étui Protecteur pour CD, Paquet de 5) Noir/Transparent",Hama,"12,48 €",3,"37,44 €","25,20 €",9,
B0009V6OBE,"Hama Pochettes de Protection (en Papier pour CD/DVD/Blu-Ray, Lot de 50) Blanc/Transparent",Hama,"12,48 €",3,"4,16 €","2,55 €",1,
B002IK2SNM,"Hama - 20563 - Colliers de serrage pour câbles, Champ inscriptible, 98mm, 25 pces, Naturel",Hama,"12,48 €",3,"12,48 €","8,31 €",3,
B017JY4WEY,"Hama ""Fine Art"" Spiral Album, 24 x 17cm, 50 Photos, chalk",Hama,"12,48 €",2,"12,48 €","8,66 €",2,
B01KAD4TK8,"Hama Télécommande universelle ""Smart TV"" 4 en 1 (Contrôle 4 Appareils Préprogrammés, TV/DVD/STB/VCR, Télécommande de Remplacement pour Télécommande MultiFonction IR) Noir",Hama,"12,42 €",1,"12,42 €","6,38 €",1,
B005DJKFIU,"Hama Album Photo Singo (Album Auto-adhésif, 28 x 31 cm, 20 Pages, pour 60 Photos au Format 10 x 15 cm) Rose",Hama,"12,30 €",1,"12,30 €","4,51 €",1,
B07B2DS3CW,"Thomson Télécommande Universelle 2 en 1 Zapper ROC Z107 (Télécommande, Zapper, STB, TV, IR sans Fil, Boutons) Noir",Thomson,"12,27 €",1,"12,27 €","8,99 €",1,
B0002W5WDQ,"Hama Boîtier ""Slim"" double (pour DVD, convient également aux CD et disques Blu-ray, ultra mince, avec une feuille pour la couverture, lot de 10) Noir/Transparent",Hama,"12,16 €",1,"24,32 €","9,60 €",2,
B005DJKGFC,"Hama Album Photo Singo (Album minimax, 22 x 22,5 cm, 100 Pages, pour 200 Photos au Format 10 x 15 cm) Vert",Hama,"12,13 €",1,"24,28 €","10,80 €",2,
B01LRD3V54,"Black Rock Coque 'Air' (pour Apple iPhone 6S/7/8 Plus, protection parfaite, design mince, en polycarbonate, polyurethane termoplastique (PUT)) Transparent","Black Rock","11,69 €",1,"11,69 €","11,69 €",1,
B0000AIS8M,"Hama Cadre photo en plastique ""Décor Sevilla"" (taille du Cadre de 21 x 29,7 cm (DIN 4) avec bordure de 9 mm x 17 mm, pour une photo de 15 x 20 cm) Or Mat",Hama,"11,67 €",1,"11,67 €","4,26 €",1,
B001B4ROAS,"Hama Boîtier Slim (pour CD et disques Blu-ray, ultra mince, avec une feuille pour la couverture, lot de 20) Transparent",Hama,"11,66 €",1,,,,
B002ADGINS,"Hama Étui Hard Drive Case (pour Disque Dur, 2,5"", néoprène, Étui de Protection pour Disque Dur Externe 6,4"", Accessoire, néoprène) Noir",Hama,"11,64 €",2,"11,64 €","8,66 €",2,
B017JY56TY,"Hama Album Photo ""Fine Art"" (format 36 x 32 cm, 50 pages blanches, à spirale) Kiwi",Hama,"11,24 €",1,"11,24 €","7,26 €",1,
B00006JBFP,"Hama Filtre UV (anti-UV et protection, compensation 2X, traitement antireflet, pour objectifs d'appareils photo 72 mm, O-Haze, traité) Noir",Hama,"10,99 €",1,"10,99 €","6,30 €",1,
B06XB97YH4,"Hama Album photo ""Nora"" (pour 200 photos au format 10 x 15 cm, album traditionnel enfant de 22,5 x 22 cm, 100 pages blanches, hippopotame, élégant) Gris/Marron/Blanc",Hama,"10,83 €",1,"10,83 €","6,51 €",1,
B00T7M9IU0,"Hama Album photo à pochettes ""New York City"" (pour 200 photos au format 9 cm x 13 cm, taille de l'album de 16,5 cm x 21 cm, 100 pages, en cuir, protège les photos et les documents) Noir",Hama,"10,82 €",1,"32,46 €","18,75 €",3,
B00KA4516Y,"Hama Ventilateur USB avec affichage de la température",Hama,"10,82 €",1,"10,82 €","7,54 €",1,
B0CLD52FFP,"Hama Support Mural Magnétique pour Apple TV HD (4ème génération)/4K (1ère/2ème/3ème génération) (pour Fixer l'Apple TV Box sur Le Mur ou la TV, Garantie 10ans, Chevilles Fischer et vis VESA) Noir",Hama,"10,82 €",1,"21,64 €","13,42 €",2,
B07F3FYT43,"Dispositif de Fixation à Pince pour multiprise",Hama,"10,82 €",1,"10,82 €","9,13 €",1,
B009TLAQ3M,"Hama Album Photo ""Fine Art"" (format 28 x 24 cm, 50 pages noires, à spirale) Azur",Hama,"10,66 €",1,"21,32 €","11,26 €",2,
B08SFDDNWD,"Hama Câble USB C 0,75m Garantie 30ANS (USB C vers USB, Câble de Charge Rapide 3A, Cable iphone 16/15, Samsung S22/S21/S20/S10) Noir",Hama,"10,32 €",1,"10,32 €","7,89 €",1,
B005DJKGO8,"Hama Album, Rose, 22 x 22,5",Hama,"10,31 €",1,"10,31 €","5,40 €",1,
B079PCTWYM,"Hama Brosse (en Fibre de Carbone, pour Le Nettoyage des disques, vinyles) Noir/Argent",Hama,"10,24 €",1,"10,24 €","5,28 €",1,
B006H3MKXO,"Hama Adaptateur MHL (Mobile High-Definition Link, Mobile/Smartphone vers téléviseur/projecteur avec entrée HDMI, qualité Full HD) Noir",Hama,"10,17 €",1,"10,17 €","11,51 €",1,
B000Y13DPE,"Hama Boîtier CD Slim en polypropylène, Lot de 20, Assortiment de Couleurs",Hama,"9,99 €",1,,,,
B07NH3HKGK,"Hama Démarreur pour tubes LED",Hama,"9,98 €",2,"9,98 €","7,50 €",2,
B0000AISCG,"Hama Cadre photo en plastique Sevilla (taille du Cadre de 21 x 29,7 cm (DIN 4) avec bordure de 9 mm x 17 mm, pour une photo de 15 x 20 cm) Blanc",Hama,"9,65 €",1,"19,63 €","10,50 €",3,
B000TCQPWG,"Hama Boîtier Slim (pour CD et disques Blu-ray, ultra mince, avec une feuille pour la couverture, lot de 20) Noir/Transparent",Hama,"9,57 €",1,"9,57 €","6,72 €",1,
B00NCX5T6W,"Hama Sac Photo Fancy Neopren Quad, 70E, Noir",Hama,"9,57 €",1,"9,57 €","5,57 €",1,
B00006J4GV,"Hama Multiprise 3 Prises 16A avec Interrupteur (Rallonge multiprises 3m, Bloc 3 Prises Type F Schuko, Idéal Bureau PC luminaires, Atelier, Meuble TV, Garage) Blanc",Hama,"9,37 €",1,,,,
B01LXBUDEJ,"Hama Pêle-mêle cadres photo portr., 1 10x15cm, 1 10x10cm, 1 9x10cm",Hama,"9,16 €",1,"9,16 €","6,59 €",1,
B074JD5KRM,"Hama Cadre en plastique ""Madrid"" (taille de cadre de 21 cm x 29,7 cm, taille de la photo de 15 cm x 20 cm, 1 photo par cadre, à accrocher, élégant, simple, classique) Argent",Hama,"9,14 €",2,"9,14 €","4,76 €",2,
B0000AHIH1,"Hama Boîtier ""Slim"" (pour CD et disques Blu-ray, ultra mince, avec une feuille pour la couverture, lot de 5) Noir/Transparent",Hama,"9,03 €",1,"9,03 €","1,72 €",1,
B00NBLSLF6,"Hama Adaptateur secteur (prise de voyage pour : Royaume Uni, Hong Kong, Arabie saoudite, … Emirats Arabes Unis à utiliser pour les prises de : Allemagne, Espagne, France, Turquie, … Type G) Blanc",Hama,"8,74 €",1,"8,74 €","6,16 €",1,
B07JX89WGL,"Plaque de fixation d’appareil photo/caméscope pour trépied ""Star 75""",Hama,"8,74 €",1,"8,74 €","5,58 €",1,
B005DJXYY2,"Hama Album Photo ""Singo"" (album minimax, 13 x 16,5 cm, 100 pages, pour 100 photos au format 10 x 15 cm) Aqua",Hama,"8,61 €",1,,,,
B0BKZ1C59D,"Hama Support Téléphone Voiture Compact (pour Smartphones Largeur de 5.5 à 8.5 cm, Fixation Clip Grille aération, pivotable 360°) Noir",Hama,"8,32 €",1,"24,96 €","15,64 €",3,
B005DJXZSC,"Hama Album Photo Singo (Album minimax, 13 x 16,5 cm, 100 Pages, pour 100 Photos au Format 10 x 15 cm) Rose",Hama,"8,29 €",1,,,,
B079PBY42T,"Hama Pochettes extérieures pour vinyles (pour 33 tours, 10 pièces, 32,7 x 0,07 x 32,5 cm) Transparent",Hama,"7,91 €",1,,,,
B0C6CK8KFG,"Hama Câble Enceinte HiFi (Cable pour enceinte, 10m, Câble Audio pour Enceinte, Câble HP de Haut Parleur en Cuivre pour Hifi et Hifi embarquée, 2 x 0.75 mm²) Transparent",Hama,"7,83 €",1,"7,83 €","4,19 €",1,
B0000AISFJ,"Hama Cadre photo en plastique Sevilla (taille du Cadre de 15 x 20 cm avec bordure de 9 mm x 17 mm, pour une photo de 10 x 15 cm) Blanc",Hama,"7,68 €",1,"7,68 €","3,93 €",1,
B00DCNOEJK,"Hama Rotate Clé USB 2.0 - Flash Drive 128 Go, Vitesse jusqu'à 15 Mo/s, Clef avec connecteur USB A, pour PC/Mac - Noire/Argenté",Hama,"7,51 €",1,"7,51 €","9,30 €",1,
B0050GRM28,"Hama Pochette Ready for Business (pour Stocker 24 CD/DVD/Blu-Ray, 6 emplacements pour Carte mémoire) Noir",Hama,"7,49 €",1,"7,49 €","4,62 €",1,
B0BL1TTRPY,"Hama Cordon Alimentation, coudé des 2 côtés, fiche Euro, Forme en 8/C7, 1,5m, Blanc",Hama,"7,49 €",1,,,,
B00G3BMZDA,"Xavax Minuteur de cuisine ""Countdown"" (avec minuterie et fonction chronomètre, fixation via un aimant, une pince, un support ou un support, à piles, numérique) Noir/Blanc",xavax,"7,49 €",1,"7,49 €","5,69 €",1,
B0B59G9QZ5,"Hama Film de protection d'écran pour Apple iPad Air 10,9"" (2020/2022) 'Crystal Clear' (Excellente reproduction des couleurs, protège des rayures et des traces de doigts) Transparent",Hama,"7,49 €",1,"7,49 €","8,00 €",1,
B0C5JQK5QL,"Hama Pages Intérieures Album Photo Scrapbooking (Recharge de Pages Photo Cartonnées avec Papier Cristal de Protection, 250g/m2, 23.3 x 31 cm, Perforées, 25 feuilles) Noir",Hama,"7,49 €",1,"7,49 €","4,79 €",1,
B07PHQ17NW,"Hama Album à Spirale 'Watercolor Moments', 28 x 24 cm, 50 Pages Blanches",Hama,"7,49 €",1,"7,49 €","4,68 €",1,
B08YRYNK16,"Hama Câble USB-C 'Flexi-Slim' (USB 2.0, 480 Mbit/s, 0.75 m, pour PC, ordinateur, Macbook, Tablette, Smartphone, Power Pack, Enceinte, Manette de jeux, garantie 10ans) Noir",Hama,"7,49 €",1,"7,49 €","6,25 €",1,
B01K47G660,"Mini album photo à pochettes pour 40 photos au format 10 x 15 cm, noir",Hama,"7,48 €",2,"11,22 €","7,97 €",3,
B000VRCKS2,"Hama Album Photo Fine Art (Format 24 x 17 cm, 50 Pages Noires, à Spirale) Bleu",Hama,"7,07 €",1,"7,07 €","3,93 €",1,
B00006J4HS,"Hama Présentoir de Distributeur de pastilles adhésives (10 distributeurs, 500 coins photos, diamètre de 10 mm, PP anti statique) Transparent",Hama,"6,97 €",1,,,,
B005SS65GW,"Hama Chiffon 3 en 1 (pour ordinateur portable avec écran de 40 cm (15,6""), tapis de souris, en microfibre, film de protection, chiffon de nettoyage) Anthracite",Hama,"6,66 €",1,"6,66 €","4,55 €",1,
B0009V6OBO,"Hama Pochettes de Protection (en Papier pour CD/DVD/Blu-Ray, Lot de 100) Blanc/Transparent",Hama,"6,66 €",1,"13,05 €","7,96 €",2,
B00005V37U,"Hama Tapis de souris porte-documents (personnalisable avec photos, images ou cartes postales, 23 x 19,5 cm) Transparent/Noir",Hama,"6,66 €",1,"6,66 €","5,04 €",1,
B08YRZT1RL,"Hama Hub USB, 4 Ports, USB 2.0, 480 Gbit/s, Métal, Noir",HAMA,"6,66 €",1,"6,66 €","4,10 €",1,
B0000AHIEM,"Hama Passe-partout, blanc arctique, 24 x 30 cm",Hama,"6,64 €",2,"6,64 €","4,02 €",2,
B00006J4G7,"Hama Présentoir de Distributeur de pastilles adhésives (500 coins photos, diamètre de 10 mm, papier/viskose) Transparent",Hama,"6,07 €",1,"6,64 €","4,62 €",2,1
B08SF1QJHJ,"Hama Câble d'alimentation 1.5m Fiche Euro Type C vers C7 Figure 8 - Garantie 10ans (Cordon Alimentation Fiche Bipolaire Figure 8, pour PC, Ecran, Imprimante, DVD) Noir",Hama,"5,82 €",1,"5,82 €","3,69 €",1,
B0000AISQG,"Hama Passe-partout Premium, ivoire, 30 x 40 cm",Hama,"5,82 €",1,"5,82 €","3,05 €",1,
B0C5JPTNRF,"Hama Pages Intérieures Album Photo Scrapbooking (Recharge de Pages Photo Cartonnées, 250g/m2, 23.3 x 31 cm, Perforées, 25 feuilles) Noir",Hama,"5,82 €",1,"5,82 €","3,81 €",1,
B001JTTAPW,"Hama Boîtier double (pour DVD, convient également aux CD et disques Blu-ray, avec film pour l'insertion de la jaquette, lot de 5) Transparent",Hama,"5,41 €",1,"5,41 €","3,51 €",1,
B07TWSY81M,"Hama Album photo livre Scrapbooking Enfants et Adultes (pour 30 photos 15x15 cm, Dim. 18x18 cm, 30 pages blanches, Parfait pour un cadeau unique et toutes les occasions) Multicolore",Hama,"5,41 €",1,"14,52 €","6,55 €",2,
B07GYJDYYF,"Chiffon de nettoyage universel, 20 x 20 cm, jaune",Hama,"5,37 €",1,,,,
B004IYLMHE,"Hama Clé USB 2.0 ""Rotate, 8 GB (10 MB/s, Flashpen Rotate) Noir/Argenté",Hama,"4,99 €",1,"9,98 €","6,00 €",2,
B001JTTAQ6,"Hama Boîtier ""Slim"" double (pour DVD, convient également aux CD et disques Blu-ray, ultra mince, avec une feuille pour la couverture, lot de 5) Transparent",Hama,"4,99 €",1,,,,
B08YS1PZWL,"Hama Adaptateur Jack 6.35 vers 3.5 Garantie 10 Ans (Adaptateur Audio 6.35mm Mâle vers 3.5mm Femelle, Stéréo, Prise Casque, Audio Connecteur Stéréo pour Mélangeur Audio/Piano électrique/Clavier) Noir",Hama,"4,98 €",2,"9,81 €","5,40 €",3,
B00006IVX3,"Hama Câble réseau (RJ11, modulaire, connecteurs mâles 6p4c, 3m) Blanc",Hama,"4,57 €",1,"4,57 €","2,08 €",1,1
B08YRZZ4V3,"Hama Adaptateur Audio, fiche Jack mâle 3,5 mm- f. Femelle RCA, stéréo, Métal, Garantie 10 Ans, Noir",HAMA,"4,16 €",1,"4,16 €","4,29 €",1,
B00006JAS7,"Hama lot de 2 Fiches d’antenne coaxiale TV (Diam 9.52mm, 1 Mâle+1 Femelle), Blanc",Hama,"3,74 €",1,"3,74 €","2,33 €",1,
B00006J9VM,"Hama Boîtier Multipack (pour 6 CD/DVD/Blu-Ray, Multipack, 6 in 1, étui de Protection pour CD) Noir/Transparent",Hama,"3,32 €",1,,,,
B07PD6WYDC,"Hama Mini-Album Photo à Pochettes Brushstroke (Album Photo Traditionnel 13 x 16,5 cm, 24 Pages pour 24 Photos Format 10 x 15 cm, Protection idéale, Artistique, élégant) Bleu/Jaune/Orange/Blanc",Hama,"2,91 €",1,"2,91 €","1,93 €",1,
B000OS1ETO,"Câble d'antenne, Coax mâle - Coax Femelle, 75dB, Blanc, 3,00m",Hama,"1,79 €",0,"17,93 €","4,83 €",3,
B003B0RIX8,"Hama Multiprise 6 Prises (multiprise avec Interrupteur Save Energy pour économiser de l'énergie, Fentes tournées à 45 degrés, Protection Accrue, câble de 1,4 m, certifié GS Noir)",Hama,"0,00 €",0,,,,
B00006JDME,"Hama Filtre UV (anti-UV et protection, compensation 2X, traitement antireflet, pour objectifs d'appareils photo 55 mm, O-Haze, traité) Noir",Hama,"0,00 €",0,,,,
B005DJXZ7I,"Hama Album Photo Singo (Album minimax, 13 x 16,5 cm, 100 Pages, pour 100 Photos au Format 10 x 15 cm) Orange",Hama,"0,00 €",0,,,,
B07SHMY2ZM,"Hama Horloge Murale PP-245 (Radio-pilotée DCF, Pendule sans tic tac, numérique, à LED, sans Fil, avec Piles, Format 24h, Calendrier, Jour, thermomètre 0°C à -50°C, Pause Murale ou Bureau) Noir",Hama,"0,00 €",0,,,,1
B0BL1TPW91,"Hama Câble USB-C de charge et transfert de données Reflective (USB-A 2.0 mâle vers USB-C mâle, câble blindé, anti-torsion, Fiche Aluminium plaqué or, Gaine nylon tressé robuste, 1.5 m) Bleu",Hama,"0,00 €",0,,,,1
B0000AIRX4,"Hama Cadre photo en plastique ""Décor Sevilla"" (taille du Cadre de 30 x 40 cm avec bordure de 9 mm x 17 mm, pour une photo de 20 x 28 cm) Or Mat",Hama,"0,00 €",0,,,,
B0C7VHX9FG,"Hama Album photo Jumbo ""La Souris"" (livre photo album grand format 30x30cm, 80 pages blanches à personnaliser et à coller, album enfant pour 320 photos au format 10 x 15 cm, Motif Souris) Jaune",Hama,"0,00 €",0,,,,1
B0BXPKDN7W,"Hama Classeur à négatifs (4 anneaux, niveau de remplissage 39 mm, feuilles rectangulaires, album à négatifs d'une pellicule photo) Vert pale",Hama,"0,00 €",0,,,,
B0000AI3IW,"Hama Cadre photo en plastique ""Sevilla"" (taille du Cadre de 50 x 70 cm avec bordure de 13 mm x 20 mm, pour une photo de 30 x 45 cm) Blanc",Hama,"0,00 €",0,,,,2
B0015NLFFA,"Hama Chemin de câble (en PVC, semi-circulaire, 100 x 7 x 2,1 cm) Blanc",Hama,"0,00 €",0,,,,
B00006JB4X,"Hama Antenne filaire de pare-brise électronique (pour la réception VHF, AM et FM) Noir",Hama,"0,00 €",0,,,,
B0000AIRSL,"Hama Cadre photo Clip-Fixe (sans bordure, 50 x 60 cm, Reflex) Blanc",Hama,"0,00 €",0,"12,49 €","6,69 €",1,
B0BL1CFWRT,"Hama Ecouteurs Lightning Glow (Ecouteurs Intra-Auriculaires filaires, Micro et Contrôle du Volume, Ecouteurs pour iPhone, Certifiés MFi, Compatibles Apple iPhone iPad iPod) Blanc",Hama,"0,00 €",0,,,,1
B073CPQYY9,"Thomson Télécommande de rechange ""ROC1117GRU"" (Télécommande de remplacement pour les téléviseurs Grundig, prête à l'emploi, adaptative, mode SIMPLE, touches lumineuses, infrarouge) Noir",Thomson,"0,00 €",0,,,,
B0000AHIFI,"Hama Passe-partout Premium, blanc neige, 20 x 30 cm",Hama,"0,00 €",0,,,,
B0CYN6M918,"Hama Ampoule Connectée WIFI G95, Ampoule Vintage Globe Filament ST64 Spiral, 2700-6500K, Ampoule Smart Intelligente, Matter, Ampoule Alexa/Google Home, 4.9W, 470lm, Dimmable, cde voc+appl",Hama,"0,00 €",0,,,,
B01J54Z1RS,"Xavax Cuillère doseuse à café en acier inoxydable (pour environ 6 g de poudre de café, cuillère à mesurer en acier inoxydable, longueur de 16,8 cm, lavable au lave-vaisselle) Argent",xavax,"0,00 €",0,,,,
B0000AI2T9,"Hama Cadre photo en plastique ""Sevilla"" (taille du Cadre de 40 x 60 cm avec bordure de 13 mm x 20 mm, pour une photo de 30 x 45 cm) Blanc",Hama,"0,00 €",0,,,,
B000K67ZD4,"Hama Support ""X"" à roulettes (pour Les Tours PC Les Plus Populaires, jusqu'à 25,5 cm de Large) Noir",Hama,"0,00 €",0,,,,
B0C5JP288F,"Hama C-Rotate Pro Clé USB 3.1 - Flash Drive 512 Go, Vitesse jusqu'à 100 Mo/s, Clef avec connecteurs USB A & USB C, pour PC/Mac/Tablette et Smartphone - Argentée",Hama,"0,00 €",0,,,,1
B08YRZS5BR,"Hama Hub USB, 4 Ports, USB 2.0, 480 Mbit/s, Métal, Garantie 10 Ans, Blanc",HAMA,"0,00 €",0,,,,
B00006IVVD,"Hama Rack (pour CD, pour 20 boîtiers CD) Noir",Hama,"0,00 €",0,"29,14 €","17,32 €",2,
B00AJJJNLE,"Hama Brosse en fibre carbone pour vos vinyles (nettoyage antistatique des vinyles, brosse pour disques vinyles), noir / argent",Hama,"0,00 €",0,,,,
B001UBBJD0,"Hama Album Photo Fine Art (Format 28 x 24 cm, 50 Pages Noires, à Spirale) Lilas",Hama,"0,00 €",0,,,,
B0BL1RN815,"Hama Power Bank 24000 mAh (Batterie Externe, 1 USB C + 2 USB A, Power Pack Fast Charge, Batterie pour Smartphone, Tablette, Haut-Parleur Bluetooth, Voyants LED, Chargeur Portable + Cable 0.25m) Gris",Hama,"0,00 €",0,,,,
B09FBT44RR,"Hama MW-650 Souris sans Fil - Technologie 2.4Ghz & Bluetooth® 5.0, Capteur 2400 dpi, Clics Silencieux, Droitier/e - Noire",Hama,"0,00 €",0,"18,32 €","17,80 €",1,
B0000AISCX,"Hama Cadre Photo Clip-Fixe (sans Bordure, 30 X 45 Cm, Anti-Reflex) Blanc",Hama,"0,00 €",0,"14,16 €","4,46 €",1,1
B01EG0O104,"Hama Sonic Mobil 185 Enceintes pour Ordinateur - Système Stéréo 2.0, Haut-Parleurs Alimentés en USB, Connexion Jack 3.5mm - Noir/Argent",Hama,"0,00 €",0,"13,82 €","9,25 €",1,
B0015IL6GS,"Hama Cadre photo en plastique ""Sevilla Dekor"" (taille du Cadre de 30 x 30 cm avec bordure de 13 mm x 17 mm, pour une photo de 20 x 20 cm) Argent Mat",Hama,"0,00 €",0,"8,49 €","6,40 €",1,
B0CWNHZNYL,"Black Rock Coque pour Samsung Galaxy S24 Ultra Ultra Thin Iced [Coque Ultra Fine] [Housse Seconde Peau] - Transparent","Black Rock","0,00 €",0,,,,1
B005DJKGWA,"Hama Album Photo Singo (Album Auto-adhésif, 28 x 31 cm, 20 Pages, pour 60 Photos au Format 10 x 15 cm) Aqua",Hama,"0,00 €",0,"12,00 €","4,51 €",1,
B07TM7WRZY,"Hama Elegance Horloge Murale à Quartz Cercle Gris, Argent - Horloges murales (AA Mignon, Gris, Argent, Plastique, Verre, 45 mm, 495 g)",Hama,"0,00 €",0,,,,1
B00EUSMHE0,"THOMSON Kit Casque sans Fil TVWHP3203D (on-Ear, pour TV/HiFi, Circum-aural, supprimer Bruit Fond, 100 m) Noir",Thomson,"0,00 €",0,,,,
B0000AISA5,"Hama Cadre en plastique Madrid (taille de cadre de 20 cm x 30 cm, taille de la photo de 13 cm x 18 cm, 1 photo par cadre, à accrocher, élégant, simple, classique) Bleu",Hama,"0,00 €",0,"13,71 €","7,98 €",3,
B01K47G7VO,"Mini album photo à pochettes ""La Fleur"" pr 40 photos 10 x 15 cm, blc",Hama,"0,00 €",0,"3,74 €","2,49 €",1,
B01K47G2W8,"Hama Album Jumbo ""Skies"" (album grand format, 30 x 30 cm, 60 pages, pour 240 photos au format 10 x 15 cm) Beige",Hama,"0,00 €",0,,,,
B08NCYZ4BV,"Hama Câble Antenne TV Coudé Garantie 10ans (Cable Coaxial TV, M/F, 2x coudé 90°, 3m, triple blindage 90db, Anneau Ferrite, Cable Coaxial Satellite, Connexion TV vers Fiche TV Murale ou Décodeur) Blanc",Hama,"0,00 €",0,,,,1
B00CBVEZNO,"Hama Support pour Ordinateur Portable Carbone (Support pour Ordinateur Portable jusqu'à 47 cm, Hauteur 8 cm, Pieds en Caoutchouc antidérapants, Aspect Carbone) Noir",Hama,"0,00 €",0,"14,16 €","8,05 €",1,
B079NH8R1F,"Lot d’accessoires 7 en 1 pour manette Pro Nintendo Switch, noirs",Hama,"0,00 €",0,,,,1
B0000AIRRQ,"Hama Cadre photo ""Clip-Fixe"" (sans bordure, 50 x 70 cm, Reflex) Blanc",Hama,"0,00 €",0,,,,1
B01KJER734,"Hama 24 Albums photos ""Skies"" (couverture souple, 24 pages pour 24 photos au format 10x15 cm par album, résistant, pour archiver avec des anecdotes, protège la photo, mini album) Multicolore",Hama,"0,00 €",0,,,,
B0CBCMH2BZ,"Hama Multiprise Cube avec Interrupteur (Rallonge multiprise 1.4m, Bloc 3 Prises Terre F Schuko + 2 USB-A + 2 USB-C, 3680W 16A Idéal Bureau Cuisine Salon Atelier Garage PC luminaires Meuble TV) Blanc",Hama,"0,00 €",0,"24,99 €","18,49 €",1,
B000KJOLUQ,"Hama Cadre photo Clip-Fixe (sans bordure, 60 x 80 cm, Reflex) Blanc",Hama,"0,00 €",0,"19,99 €","11,49 €",1,
B07F82LSLN,"Hama Support Travel Pliable pour tablettes et Smartphones (Idéal pour Les déplacements, Solide et Pratique) Couleur aléatoire Parmi Blanc/Bleu/Gris/Jaune/Noir/Rouge/Vert",Hama,"0,00 €",0,"4,47 €","1,67 €",1,
B08YRZD1X6,"Hama Câble Optique Audio 3m (Cable Toslink Audio Optique, Cable fibre Optique Audio pour Home Cinema, Barre de Son, TV, Samsung, Bose, LG, Sony, Sonos, PS4, Xbox, fiche Mâle ODT) Noir",Hama,"0,00 €",0,,,,
B09B1ZDCVG,"Hama Câble d'Antenne TV (Cable Coaxial TV, Mâle-Femelle, 3m, 75 Ohm, Double blindage 75db, Cable Coaxial Satellite, Connexion d'un Téléviseur vers une Fiche TV Murale ou vers un Décodeur) Blanc",Hama,"0,00 €",0,,,,
B0009V6OCS,"Hama Boîtier Slim (pour CD et disques Blu-ray, ultra mince, avec une feuille pour la couverture, lot de 25) Noir/Transparent",Hama,"0,00 €",0,"11,66 €","6,89 €",1,
B0C8SYG9F9,"uRage Souris Gamer Filaire Reaper 250 (6 Boutons programmables, Souris Gaming Capteur Optique 6200 DPI, RGB, Clics Gaming TTC-Golden, Câble USB-C Uflex) Blanche",uRage,"0,00 €",0,,,,
B09V1K3Y9M,"Hama Applique Murale LED Connectée (Éclairage mural WiFi Design Up-and-Down, pour Intérieur et Exterieur IP44, Commande vocale via Alexa, Google Assistant, Siri) Blanc",Hama,"0,00 €",0,,,,4
B00006JAPE,"Hama Multiprise 6 Prises 16A (Rallonge multiprises 1.4m, Bloc 6 Prises Type F Schuko, 3680W Max, Idéal Bureau PC luminaires, Atelier, Meuble TV, Garage) Blanc",Hama,"0,00 €",0,,,,
B007WAYQRY,"Hama Tapis de souris (1 pièce, taille de 22,3 cm x 18,3 cm x 0,6 cm, en EVA/Jersey) Couleur aléatoire parmi Bleu/Rouge",Hama,"0,00 €",0,,,,
B097HN8V5V,"Hama Câble d'Antenne TV (Cable TV Coaxial Mâle - Coaxial Femelle, 85 db, 1.5m, Connexion d'un Téléviseur vers une Fiche TV Murale ou vers un Décodeur) Blanc",Hama,"0,00 €",0,,,,
B0BL1RL5YW,"Hama Chargeur Rapide 33W 4 Ports USB (Chargeur Qualcomm Quick Charge 3.0, Chargeur USB, Adaptateur Secteur Charge Rapide, 1 USB-A QC, 3 USB-A) Noir",Hama,"0,00 €",0,,,,3
B000LRHKP0,"Hama Cadre photo ""Clip-Fixe"" (sans bordure, 62 x 93 cm, Reflex) Blanc",Hama,"0,00 €",0,"25,32 €","13,19 €",1,
B09RGWV4NB,"Hama Casque-Micro pour téléphones sans Fil (Intra-Auriculaire, Contour d'oreille Réglable, Bras de Micro Flexible, Jack 2.5 mm, Qualité Audio Cristaline, 32 Ω, 1.2m, Garantie 10ans) Noir",Hama,"0,00 €",0,,,,
B0C2PDLY43,"Hama MW-500 Recharge Souris sans Fil - Technologie 2.4Ghz, Rechargeable en USB C, Capteur Blue Wave 1600 dpi, Technologie Smart-Link, Clics Silencieux, Droitier/e - Noire",Hama,"0,00 €",0,,,,1
B0BL196X57,"Hama Chargeur sans Fil 10W QI-FC10 (Chargeur Induction, 10 W, Chargeur sans Fil Cable USB-C pour Smartphone) Noir",Hama,"0,00 €",0,"161,70 €","98,30 €",10,
B07NH5D9MX,"Microphone MIC-P35 Allround pr PC et ordinat. Portable, Jack 3,5 mm",Hama,"0,00 €",0,"11,66 €","13,24 €",1,
B08NCJ814H,"Hama C-400 Webcam PC - Qualité Vidéo FHD 1080p, Microphone Intégré, Cache Lentille, Filetage 1/4 - Convient pour Les Appels Vidéos et Le Streaming - Noir",Hama,"0,00 €",0,"34,61 €","28,30 €",1,
B00475DSKS,"Xavax Siphon (pour évier, lave-linge et lave-vaisselle, 1,5"", 2 ports pour siphon 1"" (2,54 cm) et 2 pièges à odeurs, flexible) Blanc/Noir",xavax,"0,00 €",0,,,,
B0186D2GQS,"Hama Album Photo ""Fine Art"" (format 29 x 32 cm, 50 pages blanches, sans spirale) Gris",Hama,"0,00 €",0,,,,1
B00006J6P8,"Hama Boîtier standard (pour DVD, convient également aux CD et aux Blu-ray, avec film pour l'insertion de la jaquette, lot de 5) Noir",Hama,"0,00 €",0,"7,57 €","2,74 €",1,
B001K9LNA6,"Hama Support Télécommande TV Commander (porte-télécommande TV Chaine Hifi DVD Blue-Ray, 3 grands compartiments, Boite de Rangement organiseur lunettes, smartphones, contrôleurs) Noir",Hama,"0,00 €",0,,,,
B0187XDXPA,"Hama Casque Essential HS 300"" avec Microphone (Ultra-léger, Oreillettes rembourrées, Casque stéréo, chaîne stéréo, réglage du Volume sur Le câble, Longueur de câble de 2 m, Prise Jack 3,5 mm) Noir",Hama,"0,00 €",0,,,,1
B000CZ2LQE,"Hama Gel de nettoyage (pour écran LCD / TFT avec chiffon en microfibre, 200 ml) Gris/Bleu",Hama,"0,00 €",0,"11,92 €","5,91 €",1,
B000X1BGWM,"Hama Fiche universelle pour prises d' allume-cigares (fiche de sécurité 16 A prise allume-cigare, câbles jusqu'à 2 x 2,5 mm², 6V - 24V, avec serre-câble) Rouge/Noir",Hama,"0,00 €",0,,,,
B00006J9WQ,"Hama Coins Adhésifs Photos (Distributeur de 200 Coins Photos, diamètre de 10 mm, PP Anti Statique) Transparent",Hama,"0,00 €",0,"1,41 €","1,47 €",1,
B00005UPC4,"Hama Rack (pour CD, pour 20 boîtiers CD) Gris",Hama,"0,00 €",0,,,,
B08B1NCNDQ,"Hama 65W Chargeur Rapide Universel pour PC Portable 15-19V - [8 Adaptateurs] [Protection Contre la surchauffe & sur-tensions] Noir",Hama,"0,00 €",0,,,,
B0089CJLVA,"Hama Support mural TV Inclinable (pour diagonale d'écran de 81 à 142 cm (32'' et 56""), pour un maximum de 30 kg, VESA jusqu'à 400 x 400, 3 étoiles) Noir",Hama,"0,00 €",0,,,,
B07NH31NL6,"Couvercle Pare-poussière pour Clavier, Transparent",Hama,"0,00 €",0,"4,57 €","3,50 €",1,
B0000AISOU,"Porte-tableaux Clip-Fix 28x35cm antireflet",Hama,"0,00 €",0,,,,1
B0000AI3G4,"Hama Cadre en plastique ""Madrid"" (taille de cadre de 50 cm x 70 cm, taille de la photo de 30 cm x 45 cm, 1 photo par cadre, à accrocher, élégant, simple, classique) Noir",Hama,"0,00 €",0,,,,1
B000LY4WV8,"Hama Support de fixation universel (pour véhicule, pour MP3, Ipod, Téléphone) Noir",Hama,"0,00 €",0,"8,32 €","7,01 €",1,
B0000AIRRP,"Hama Cadre photo ""Clip-Fixe"" (sans bordure, 40 x 60 cm, Anti-Reflex) Blanc",Hama,"0,00 €",0,,,,
B093WSK4SC,"Hama Radio Internet Dab/Dab+ 'DR200BT' (Radio numérique FM/Dab/Dab+ Portable, Haut Parleur Bluetooth Rechargeable USB-C, Ecran Couleur, Entrée AUX, Minuteur, 30 Présélections, 8h d'écoute) Noir",Hama,"-1,36 €",0,"42,41 €","34,50 €",1,1
B07RLYK1T9,"Hama Trépied de Table Solid pour Smartphones et appareils Photos, 19B",Hama,"-17,42 €",-1,,,,
