Programme=[Retail],Aperçu du distributeur.=[Approvisionnement.],Afficher par=[ASIN],Pays=[FR],Entreprises=[~ Hama EURL (FR)],Local=[fr_FR],Devise=[EUR],Intervalle des rapports=[Semaine],Champ de vision.=[23/02/2025 - 01/03/2025],Rapport mis à jour=[21/03/2025]
ASIN,"Nom du produit",Marque,"Chiffre d’affaires basé sur les expéditions","COGS expédié","Unités expédiées","Retours client"
B0000AISCF,"Hama Cadre photo en plastique Sevilla (taille du Cadre de 21 x 29,7 cm (DIN 4) avec bordure de 9 mm x 17 mm, pour une photo de 15 x 20 cm) Noir",Hama,"1 292,41 €","950,60 €",259,3
B00006JAQ7,"Hama 007103 - Ruban photo transparent, Blanc, 1000 pièces (2 paquets de 500 pièces)",Hama,"471,44 €","411,98 €",142,
B00006IVA8,"Hama Cassette de Nettoyage VHS pour MAGNETOSCOPE (Nettoyeur de tête vidéo lecteurs VHS/S-VHS/VHS-C/S-VHS-C, Liquide de Nettoyage Inclus, Nettoyant de Têtes Vidéo - K7 Nettoyage VHS) Noir",Hama,"427,68 €","491,40 €",54,
B00D2S92L0,"Xavax Hama Boîte de transport pour un gâteau (boîte rond, Ø 31,5 x 8cm, avec diviseur, capote et compartiments, partie de service et gâteau de gâteau) Anthracite/Transparent",xavax,"372,96 €","200,76 €",28,1
B00006JAXW,"Hama Plateau Universel Hama Rond (40 cm, Taille XL, Poids supporté 100 kg (idéal pour TV, Enceintes, écrans, appareils de Cuisine) Noir",Hama,"324,87 €","154,31 €",13,1
B07CLVR52S,"Hama Album photo enfant ""Batzi"" (taille de l'album de 19 x 25 cm, format pour 200 photos 10 x 15 cm, avec 100 pages, papier stratifié, insertion latérale des photos, ours debout) Marron",Hama,"311,44 €","217,26 €",34,
B0002W5WBS,"Hama Boîtier Slim (pour CD et disques Blu-Ray, Ultra Mince, avec Une Feuille pour la Couverture, Lot de 50) Noir/Transparent",Hama,"248,05 €","125,00 €",10,
B0BNLNC6KX,"Hama iTuner Hi-FI DIT2105SBTX Dab+ Bluetooth (Tuner Internet Radio FM Dab, Tuner HiFi, Radio numérique, RX/TX, WiFi, Spotify Connect, Amazon Music, App UNDOCK, Port USB, télécommande) Argenté",Hama,"244,02 €","204,00 €",1,
B0013IPAJY,"Hama Kit de Nettoyage et de réparation pour CD/DVD (25 ML de pâte de réparation, 45 ML de Liquide nettoyant, 1 Coque de Nettoyage, 5 Chiffons, 8 pièces) Blanc/Bleu/Rouge/Noir",Hama,"224,61 €","144,30 €",10,
B0000AI2JY,"Hama Cadre photo en plastique Sevilla (taille du Cadre de 50 x 60 cm avec bordure de 13 mm x 20 mm, pour une photo de 30 x 40 cm) Noir",Hama,"219,84 €","129,96 €",12,
B0CLD3CC7D,"Hama Support TV Mural Fixe Ultrafin Garantie 10 Ans (Support TV Mural Extra-Plat, 80kg Max, Robuste, pour écrans LCD/LED/OLED/Plasma de 94 à 229 cm (37"" à 90"") VESA Max 600x400) Gris",Hama,"209,94 €","171,24 €",6,
B00G3BMWQA,"Xavax Minuteur à œuf (avec fonction minuterie, sablier, en acier inoxydable) Argent",xavax,"202,25 €","124,04 €",28,
B0BNLLF6YV,"Hama iTuner Hi-FI DIT2105SBTX Dab+ Bluetooth (Tuner Internet Radio FM Dab, Tuner HiFi, Radio numérique, RX/TX, WiFi, Spotify Connect, Amazon Music, App UNDOCK, Port USB, télécommande) Noir",Hama,"199,17 €","199,00 €",1,
B000BGFJI6,"Hama Carte mémoire Photo (SD pour Photo/Classe 4, 2 GB - 10 MB/s) Bleu",Hama,"197,76 €","111,00 €",25,
B00AJKQ4YC,"Hama 2 Pieds Enceintes Universels (Supports Haut-Parleur, Hauteur réglable Max. 123 cm, antidérapant, Charge Max. 5 kg/Pied, câbles cachés, Haut-parleurs Hi-FI/Stéréo/Home Cinema) Noir",Hama,"197,49 €","120,09 €",3,
B0009V6Q30,"Hama Boîtier Slim (pour CD et disques Blu-ray, ultra mince, avec une feuille pour la couverture, lot de 25) Transparent/Bleu/Orange/Vert/Rouge/Violet",Hama,"179,82 €","145,62 €",18,
B001JTV1HW,"Hama Boîtier standard (pour DVD, convient également aux CD et aux Blu-ray, avec film pour l'insertion de la jaquette, lot de 5) Transparent",Hama,"174,65 €","103,60 €",35,
B0000AIS0W,"Hama Cadre photo en plastique Sevilla (taille du Cadre de 30 x 40 cm avec bordure de 9 mm x 17 mm, pour une photo de 20 x 28 cm) Blanc",Hama,"158,20 €","102,00 €",20,
B07KWF2WPL,"Rapoo Souris optique sans fil Multi mode 2,4GHz/BT 3.0/BT 4.0 ""M300"" (bluetooth, souris d'ordinateur, design, avec boutons et molette de défilement) Gris foncé",Rapoo,"130,14 €","99,90 €",9,
B07T63BHGL,"Hama Album photo ""Hello Panda"" (pour 200 photos au format 10 x 15 cm, petit album de taille 22,5 x 22 cm, 100 pages blanches, panda, avec emplacement pour CD, élégant) Turquoise/Noir/Blanc",Hama,"128,24 €","96,88 €",14,
B001E725JM,"Hama Blu-Ray de Nettoyage (pour tête de Lecture, pour éliminer la poussière dans Les lecteurs de Blu-Ray, Blu-Ray de Nettoyage) Blanc/Bleu/Rouge",Hama,"118,12 €","92,82 €",7,
B001F4ZWDK,"Hama Pochettes en polypropylène pour CD/DVD, paquet de 75, Transparent",Hama,"116,69 €","70,20 €",15,
B0C5JRX9HV,"Hama Multiprise avec Interrupteur 1.4m (6 Prises typeE, Norme NF, interrupteurs général + indiv. éclairés, Protection Surtensions, Montage Mural, Sécurité Enfants, 3680W/16A) Noir",Hama,"108,30 €","84,45 €",5,
B0000AI2XV,"Hama Cadre-galerie photo en plastique Madrid (taille de cadre de 25 cm x 55 cm, taille de la photo de 13 cm x 18 cm, 3 photos par cadre, à accrocher, élégant, simple, classique) Noir",Hama,"108,20 €","74,70 €",10,
B09MQQM1ZJ,"Xavax Socle machine à laver avec étagère (Support Sèche Linge Lave Linge,Réhausseur de Machines, Base universelle avec Pieds Réglables en hauteur, charge 150 kg) Blanc",Xavax,"98,57 €","52,00 €",1,
B0000AHIF7,"Hama Cadre portrait (taille de cadre 10x15 cm, taille de photos 10x15 cm, acrylique, format vertical, en plastique, 1 photo par cadre, élégant, simple, classique) Gris",Hama,"97,11 €","63,57 €",39,
B0CP86Q49Q,"Hama Antenne intérieure (Antenne Réception Radio Numérique (Dab/Dab+) et Analogique FM, Amplification du Signal Actif jusqu'à 30 DB, Cäble 1.5m, Fiche F mâle, Alim Secteur) Noir",Hama,"92,46 €","73,05 €",3,1
B074JDHBXG,"Hama Cadre en Plastique Madrid (Taille de Cadre de 21 cm x 29,7 cm, Taille de la Photo de 15 cm x 20 cm, 1 Photo par Cadre, à accrocher, élégant, Simple, Classique) Noir",Hama,"87,36 €","48,93 €",21,
B00292AZN4,"Hama Cadre photo Clip-Fixe (sans bordure, 30 x 40 cm, Reflex) Blanc",Hama,"83,57 €","35,09 €",11,
B0CKJ46BFN,"Xavax Porte-capsules de café pour Tassimo (Distributeur de capsules à café, Support Rangement pour 26 capsules, Présentoir à Capsules Tassimo) Noir mat",Xavax,"83,30 €","57,20 €",5,
B08SDTHMQB,"Hama Album Photo bébé ""Our Baby"" personnalisable Scrapbooking (Album photo naissance, baptême, Cadeau d'anniversaire enfant, Style Mémo, 22,5 x 22 cm, 100 Pages, Max. 200 Photos 10x15 cm) Multicolore",Hama,"78,66 €","49,50 €",9,
B071ZVN9LP,"Hama Albums photos ""Designline"" (couverture souple, 24 pages pour 24 photos au format 10x15 cm par album, résistant, pour archiver avec des anecdotes, protège la photo, mini album) Multicolore",Hama,"75,08 €","40,48 €",46,
B000EORX52,"Hama Boîtier Slim (pour CD et disques Blu-Ray, Ultra Mince, avec Une Feuille pour la Couverture, Lot de 25) Transparent",Hama,"74,54 €","51,95 €",5,
B0C5JQPC2P,"Classeur avec mécanisme à 4 anneaux, larg. 70 mm, avec étui, noir/gris",Hama,"73,28 €","47,20 €",4,
B09RC7QDPM,"Hama Album photo ""Skies II"" (Album Elégant et Intemporel, Idéal mariage, anniversaire, baptême, 22,5 x 22 cm, 100 pages avec pochettes pour 200 photos 10x15 cm, Zone Mémo et pochette carte SD) Gris",Hama,"69,92 €","56,80 €",8,
B00005YVIU,"Hama Distributeurs Coins photo (1000 coins, autocollants, distributeur pratique, sans acide, sans solvant, adapté albums, permet un archivage fiable, scrapbooking) Transparent",Hama,"69,72 €","60,90 €",21,
B0BKYL622V,"Hama Power Pack Slim 5HD (Batterie Externe 5 000 mAh, Batterie Portable Charge Rapide, USB 3.0, Power Bank Compatible avec iPhone 14 13 12 11 X Samsung Xiaomi Huawei iPad etc) Blanc",Hama,"66,56 €","78,56 €",8,
B00F2BNE82,"Hama Album Photo ""Fine Art"" (format 22,5 x 22 cm, 80 pages blanches, sans spirale) Gris",Hama,"66,56 €","42,72 €",8,
B07T4DM8JJ,"Hama Album photos enfant mémo ""Forest"" (livre photo 100 pages à pochettes, 200 photos 10x15 cm, album souvenirs 22,5 x 22 cm, Emplacement CD, Album Motif Renards) Marron/Beige/Vert/Orange/Blanc",Hama,"65,78 €","27,50 €",5,
B003O5MK7E,"Hama Passe-partout Premium, noir, 40 x 50 cm pour photo de 30 x 40 cm",Hama,"63,28 €","37,06 €",8,
B06XBXLK8B,"Hama Album photo ""Lazise"" (couverture souple, 24 pages pour 24 photos au format 10x15 cm, résistant, pour archiver avec des anecdotes, protège la photo, mini album) 4 Motifs cœur aléatoires",Hama,"60,76 €","43,12 €",49,
B003TKD3YS,"Hama Chemin de câbles (bande en aluminium pour montage mural TV ou au sol, cache-câble demi-rond, 110 x 3,3 x 1,8 cm, entrée de câble jusqu'à 5 câbles, matériel de montage compris) Gris",Hama,"59,34 €","29,34 €",3,
B071VWLNZB,"Hama 00137234 Alimentation pour PC",Hama,"58,74 €","31,08 €",3,2
B08GS8FVB5,"Hama Destructeur de Documents Basic S6 (Broyeur de Documents, Sécurité P-2, 6 Feuilles, Corbeille 8L, Découpe en Bandes 6mm, 70 DB, M/A Auto, Idéal Bureau & Maison) Noir",Hama,"58,32 €","36,20 €",2,1
B000FNO03K,"THOMSON Microphone Dynamique M150 (fiche Jack 3,52 mm, Longueur de câble 3 m, Party) Noir",Thomson,"56,64 €","49,56 €",4,
B079PN72PJ,"Hama Souris Optique sans Fil Riano (Souris Gauche sans Fil, avec récepteur Nano USB, Vertical, 800-1600 dpi, Interrupteur de Marche/arrêt, 3 Boutons, 2,4 GHz) Noir",Hama,"56,64 €","40,32 €",4,1
B003LTLSFS,"Hama Chemin de câbles (Bande en Aluminium pour Montage Mural TV ou au Sol, Cache-câble Rectangle, 110 x 3,3 x 1,7 cm, entrée de câble jusqu'à 5 câbles, matériel de Montage Compris) Gris",Hama,"54,96 €","34,50 €",3,
B005DJKJ2C,"Hama Album, Vert, 30x30 cm",Hama,"54,96 €","38,46 €",6,
B07CKR6PKL,"Hama Album photo enfant ""Batzi"" (taille de l'album de 19 x 25 cm, format pour 200 photos 10 x 15 cm, avec 100 pages, papier stratifié, insertion latérale des photos, ours assis) Marron",Hama,"54,96 €","38,34 €",6,
B07ZJSSVG8,"Xavax Support Organiseur Pour Aspirateurs sans fil (Station Accueil au sol, avec Porte-Accessoires pour DYSON DC30 DC31 DC34 DC35 DC58 DC59 DC62 DC74, V11, XIAOMI V10, 29.5x22x128cm) Argent/Noir",xavax,"54,16 €","37,50 €",1,
B0BL1T8KYR,"Hama Lampe Annulaire LED avec Support (Ring Light LED Portatif, Reglable, Anneau Lumineux 10.2 Pouces, Extensible 52 à 138cm, Télécommande Filaire, Cold Shoe fournis)",Hama,"54,16 €","44,00 €",1,
B000N94K22,"Hama Pochette (pour 64 CD/DVD/Blu-ray, classeur de rangement, gain de place pour le bureau, le salon et la maison, étuis de transport) Noir",Hama,"53,08 €","25,24 €",4,
B00UV84E4O,"Hama Album photo vierge ""Anzio"" (album photo traditionnel format 22,8 cm x 22,3 cm, pour 200 photos 10 cm x 15 cm, 100 pages, instax, minimax, idéal pour un mariage) Beige/Noir",Hama,"52,72 €","25,52 €",4,
B00A44OC0G,"Hama Barre Multiprise 6 Prises avec Interrupteur Et Sécurité Enfant Cble Blanc 5 M",Hama,"51,96 €","31,56 €",3,
B08SFG3JH5,"Hama Album photo ""To The Moon"" (Album souvenirs Anniversaires, Baptême, Baby Shower, Idée cadeau, 22.5x22 cm, 100 pages blanches, Zone Mémo, 200 photos 10x15 cm, Insertion latérale) Multicolore",Hama,"51,37 €","26,34 €",3,
B0000AHICV,"Hama Boîtier CD/DVD Slim (lot de 10 boitiers standards vierges pour CD/DVD et disques Blu-ray, ultra plat) Noir/Transparent",Hama,"51,00 €","16,75 €",5,
B07K2RD3MZ,"Hama Clé USB Rotate 8 GB, 10 MB/s, avec accroche porte-clés, flashpen, emballage fin Noir/Argent",Hama,"49,90 €","52,30 €",10,
B0000AIRVB,"Hama Cadre photo ""Clip-Fixe"" (sans bordure, 40 x 50 cm, Anti-Reflex) Blanc",Hama,"46,64 €","27,24 €",4,
B0043W42ZU,"Xavax Mousseur à lait ""Milchicopter"" (Batteur à lait en acier, moteur très puissant à 14 000 tours/minute, spirale spéciale, nettoyage facile, mousseur à lait, balai Matcha) Noir",xavax,"45,12 €","20,40 €",6,
B0009V8VAQ,"Hama Etui pour Lecteur et CD (pour Lecteur CD, pour Discman, 3 CD, avec Sortie de câble et Boucle de Ceinture) Noir/Bleu",Hama,"45,04 €","30,66 €",6,1
B071YB8MFM,"Xavax Boîte de transport pour un gâteau (rectangulaire munie d'une poignée transparente, va au lave-vaisselle, boîte à gâteaux, maître d'hôtel) Anthracite/Transparent",xavax,"44,98 €","28,24 €",2,
B00T7M8Y6E,"Hama Album photo à pochette minimax ""New York City"" (pour 100 photos au format 10 cm x 15cm, taille de l'album de 13,5 cm x 17 cm, 100 pages, en cuir, protège les photos et les documents) Noir",Hama,"43,68 €","19,16 €",4,
B0000AI3IZ,"Hama Cadre photo en plastique Décor Sevilla (taille du Cadre de 40 x 50 cm avec bordure de 13 mm x 20 mm, pour une photo de 40 x 50 cm) Or Mat",Hama,"42,48 €","24,45 €",3,1
B0BHWL9GGB,"Hama Multiprise Euro 3 Prises (Distribution Alimentation Slim, Extra Plat, 3 Prises 'Euro' Femelles, 16A, 230V, Max 1700W, câble 2.5m) Blanc",Hama,"41,74 €","22,76 €",4,
B0CKMSPK2N,"Hama Greenlight-Pointer Télécommande Pointeur Laser - 4 en 1, Laser Vert, sans Fil 2.4 GHz - pour présentation Powerpoint - Noir",Hama,"41,58 €","28,50 €",1,
B07TYWBSZN,"Hama Album photo Jumbo ""Forest"" (pour 400 photos au format 10 x 15 cm, album traditionnel enfant de 30 x 30 cm, 100 pages blanches, animaux, élégant) Marron/Beige/Vert/Orange/Jaune",Hama,"40,10 €","17,04 €",2,1
B0000AHIED,"Hama Cadre Photo Clip-Fixe (sans Bordure, 20 x 20 cm, Reflex) Blanc",Hama,"39,84 €","25,92 €",12,
B0000AIRXA,"Hama Cadre photo en plastique Décor Sevilla (taille du Cadre de 30 x 40 cm avec bordure de 9 mm x 17 mm, pour une photo de 20 x 28 cm) Argent Mat",Hama,"39,55 €","29,05 €",5,
B01NCQUYWP,"Répartiteur d’antenne AM/FM DAB SMB(f)",Hama,"39,00 €","23,81 €",1,
B00006J6HP,"Hama Casier de rangement Spirit II (système de classement sur socle pour CD, pour 44 boîtiers CD, porte-CD pour le rangement, organisateur antidérapant) Noir",Hama,"38,30 €","16,34 €",2,
B005DJKFUS,"Hama Album Photo Singo (Album Grand Format, 30 x 30 cm, 100 Pages, pour 400 Photos au Format 10 x 15 cm) Aqua",Hama,"37,86 €","17,58 €",3,
B01K47GSQS,"Hama Album photo ""Skies"" (album grand format, 22,5 x 22 cm, 100 pages, pour 200 photos au format 10 x 15 cm) Beige",Hama,"37,26 €","16,89 €",3,
B000EOVQI2,"Hama Boîtier CD Slim, Lot de 10, Transparent",Hama,"36,73 €","15,75 €",5,
B0BLZ1RZKG,"Hama Multiprise avec Interrupteur (Bloc 4 Prises Schuko 16A, Interrupteur Individuel éclairé, idéal économie d'énergie, Prises à 90°, œillet Suspension integré, 3680W, Cable 1.4m H05VV-F) Blanc",Hama,"36,64 €","25,00 €",2,
B000Y138NG,"Hama Boîtier CD ""Slim"" en polypropylène, lot de 20, Transparent",Hama,"36,64 €","23,84 €",4,
B01N6NQ73J,"Thomson Casque TV avec câble extra long (Casque d'écoute ajustable et rembouré, Cordon 8m, Idéal pour regarder la télé, écouter la musique, contrôle du volume, prise jack 3,5mm+adaptat. 6,35mm) Noir",Thomson,"35,75 €","22,20 €",2,
B07MPQTNXF,"Xavax Sangle d’arrimage de sécurité avec cliquet pour sèche-linge, Blanc/Gris",xavax,"34,98 €","20,07 €",3,
B00UYZ1O6K,"Hama Support Mural TV Spécial Mur mensardé (pour Diagonale d'écran de 48 cm à 117 cm (19"" - 46""), pour Un Maximum de 20 kg, VESA jusqu'à 200 x 200) Noir",Hama,"34,98 €","22,25 €",1,
B079J94XKT,"Xavax Filtre permanent pour machine à café et thé (Ø 12 cm, hauteur 10 cm, maillage en acier inoxydable, réutilisable, va au lave-vaisselle, rechange pour taille 4) Noir",xavax,"34,62 €","15,39 €",3,
B0002W5WBI,"Hama Boîtier Slim (pour CD et disques Blu-Ray, Ultra Mince, avec Une Feuille pour la Couverture, Lot de 100) Noir/Transparent",Hama,"34,40 €","26,68 €",1,
B00IZA0V4M,"Thomson Support Mural TV WAB846 (VESA 200x200, inclinable et orientable, avec 2 Bras, pour Une Diagonale d'écran de 25 à 117 cm (de 10"" à 46"")) Noir",Thomson,"34,17 €","26,20 €",1,
B0BL1RQBPV,"Hama Chargeur Rapide 51W 5 Ports USB (Chargeur Qualcomm Quick Charge 3.0, Chargeur USB C, Adaptateur Secteur, Charge Rapide, 1 USB-A QC, 1 USB-C PD, 3 USB-A) Noir",Hama,"33,32 €","24,20 €",1,
B08SFFNZ4D,"Rapoo Clavier et Souris sans Fil X 1800s"" (Pack Kit Clavier Souris sans Fil 2.4GHz, Dongle Nano USB, Autonomie 12mois, Souris Optique 1000DPI, Clavier AZERTY FR, Pavé Numérique, pour PC, Laptop) Noir",Rapoo,"33,32 €","27,74 €",2,
B0032D8WCA,"Hama Album Photo Catania (Taille de l'album 29 x 32 cm pour 300 Photos au Format 10 x 15 cm, 60 Pages, Papier stratifié, thématique Mariage/Vacances, Personnalisable) Gris",Hama,"33,32 €","16,42 €",2,
B01K47GW46,"Hama Album photo Jumbo ""La Fleur"" 30 x 30 cm (livre photo de 100 pages blanches, album photos souvenirs pour 400 photos au format 10x15 cm, à personnaliser- à coller, Idée Cadeau, motif Feuilles) Noir",Hama,"32,46 €","20,97 €",3,
B06XB72BS3,"Hama Album traditionnel ""Lazise"" (taille de l'album de 22,5 x 22 cm, pour 200 photos au format 10 cm x 15 cm, 100 pages, avec pochette CD, élégant) Blanc/Doré",Hama,"32,36 €","22,32 €",4,
B0000AISDG,"Hama Passe-partout (premium, dimensions : Extérieur : 40 cm x 50 cm / Intérieur : 28 cm x 35 cm) Blanc Arctique",Hama,"31,20 €","19,85 €",5,
B07BGLLS26,"Chiffons pour écrans, 100 pièces, dans un distributeur",Hama,"30,52 €","24,36 €",6,
B00006J4EP,"Hama Boîtier standard (pour CD et disques Blu-Ray, Étui protecteur pour CD, paquet de 10) Noir/Transparent",Hama,"29,96 €","15,00 €",4,
B075RGXBTD,"Hama Album Photo Fine Art (Format 36 x 32 cm, 50 Pages Blanches, à Spirale) Noir",Hama,"29,84 €","14,52 €",2,
B0000WXD16,"Hama Trépied Appareil Photo 160cm Star 62"" avec étui de Transport (Trépied Télescopique Aluminium, Tête 3 Voies 3D, Attache Rapide fournie, Niveaux à Bulles intégrés) Beige",Hama,"29,08 €","23,36 €",1,
B085WJZTD6,"Hama Station météo Touch Noir",Hama,"28,57 €","22,39 €",1,
B01K47I1TK,"Hama Album Jumbo ""Skies"" (album grand format, 30 x 30 cm, 60 pages, pour 240 photos au format 10 x 15 cm) Gris",Hama,"28,54 €","11,36 €",2,
B0C5JMXBV6,"Hama Multiprise Parasurtenseur avec Interrupteur Lumineux (Bloc 5 Prises 16A, Rallonge 1.5m, Prise Multiple économie d'énergie, Prises 45°, Prise Male Plate, 3680W, Cable H05VV-F3G1.5) Noir",Hama,"28,32 €","17,44 €",2,
B0CP85387S,"Xavax 00220738 Raccord en Y, Blanc",Xavax,"28,28 €","18,08 €",4,
B00006JCRV,"Hama Boîtier Standard Double (pour CD et disques Blu-Ray, Étui Protecteur pour CD, Paquet de 5) Noir/Transparent",Hama,"27,42 €","19,32 €",6,1
B0050GRN2W,"Hama Pochette Up To Fashion (pour 48 disques, CD/DVD/Blu-ray/livres audio, étui de rangement, gain de place pour la voiture, la maison, avec motif papillon) Rose",Hama,"27,32 €","13,16 €",2,
B005GCMZD2,"Hama Album photo à pochettes ""Singo"" (couverture souple, pour 24 photos au format 18x13 cm, résistant, protège la photo) Couleur aléatoire parmi Orange, Vert, Bleu et rose",Hama,"26,91 €","18,98 €",13,
B072Q7YFFT,"Hama Album photo ""Designline"" (Album photo souvenirs mariage anniversaire, 22,5x22cm, 100 pages avec pochettes pour 200 photos 10 x 15 cm, Zone Mémo et pochette CD) Bleu Turquoise Blanc, Stripes",Hama,"26,76 €","13,12 €",2,
B0BHZFGZ5Y,"Hama Casque Audio Shell (Casque Circum-Auriculaire Stéréo, 20 Hz-20 kHz, 32 ohms, 113 DB/MW, Jack 3.52mm mâle, Adaptateur Jack 6.35mm mâle Inclus, câble Extra Long 2 m) Noir",Hama,"26,72 €","20,98 €",2,
B000VRANHW,"Hama Album Photo ""Fine Art"" (format 28 x 24 cm, 50 pages noires, à spirale) Noir 00090145",Hama,"26,64 €","9,60 €",2,1
B08SDTGVK8,"Hama Album Photo Livre bébé ""My Little Me"" à personnaliser (Album photo naissance, baptême, Cadeau d'anniversaire enfant, Idéal scrapbooking, 29x32cm, 60 Pages, Max. 300 Photos 10x15 cm) Multicolore",Hama,"26,64 €","15,98 €",2,
B000LRHKP0,"Hama Cadre photo ""Clip-Fixe"" (sans bordure, 62 x 93 cm, Reflex) Blanc",Hama,"25,32 €","13,19 €",1,
B0CBCMH2BZ,"Hama Multiprise Cube avec Interrupteur (Rallonge multiprise 1.4m, Bloc 3 Prises Terre F Schuko + 2 USB-A + 2 USB-C, 3680W 16A Idéal Bureau Cuisine Salon Atelier Garage PC luminaires Meuble TV) Blanc",Hama,"24,99 €","18,49 €",1,
B0DLL2P1BN,"Hama Splitter HDMI™ 4K, 1 In 2 Out, Noir",HAMA,"24,99 €","21,52 €",1,
B0002VFL1U,"Hama Pochettes pour CD-ROM/DVD-ROM (Pochettes CD Plastique, Pochette de Protection colorées, Lot de 100, Multicolore) Bleu/Orange/Violet/Rose/Vert",Hama,"24,98 €","16,20 €",2,
B00I07LU40,"Hama Multiprise, ""6+1"" (commutable individuellement, avec protection anti-surtension, montage mural, pivotée à 45°, longueur de douille XL, protection enfant, longueur de câble de 1,4 m) Noir",Hama,"24,16 €","14,13 €",1,
B07BBKMKJH,"Hama Cadre pour Vinyles (pour Pochette de 33 Tours, Aluminium, 31,5 x 31,5 cm) Noir",Hama,"23,91 €","13,87 €",1,
B0000AISDL,"Hama Passe-partout Premium, blanc neige, 40 x 50 cm",Hama,"23,73 €","12,81 €",3,
B00006J9XX,"Hama Bloc 3 Prises Avec Terre 16A (Rallonge multiprises 1.4m, Prises Multiple Contact de Terre, Bloc Multiprise electrique Schuko, 3680W, ) Blanc",Hama,"23,28 €","12,44 €",4,
B01KHD5GUS,"Hama Multiprise, ""6+1"" (commutable individuellement, avec protection anti-surtension, montage mural, pivotée à 90°, longueur de douille XL, protection enfant, longueur de câble de 1,4 m) Blanc",Hama,"23,25 €","15,33 €",1,
B01K47EVSK,"Hama Album photo vierge ""La Fleur"" (album photo traditionnel 22,5 cm x 22,5 cm, 100 pages, pour l'insertion de 200 photos au format 10 cm x 15 cm, motif de feuilles, pochette CD) Noir",Hama,"22,62 €","11,70 €",2,
B0BL1WML6W,"Hama Support Téléphone Voiture Magnet (Support téléphone pour Voiture aimanté, Fixation à Ventouse, pivotable 360°, Inclus 2 plaques métaliques) Noir",Hama,"22,49 €","17,45 €",1,
B0845FCYVX,"Hama EMW-500L Souris Verticale Ergonomique sans Fil - Technologie 2.4Ghz, Capteur 1800 dpi, Technologie Smart-Link, Gaucher/e - Noire",Hama,"22,49 €","16,55 €",1,
B0000AHIBP,"Hama Boîtier standard (pour 3 DVD, convient également aux CD et disques Blu-ray, avec film pour l'insertion de la jaquette, lot de 5) Noir",Hama,"22,12 €","9,46 €",2,
B00005QFAY,"Hama Étuis à négatifs, Papier Cristal, 7 Bandes de 6 négatifs, 24x36cm, 100 pièces",Hama,"22,07 €","15,71 €",1,
B0026MT4CA,"Xavax Rallonge de tuyau d'arrivée d'eau froide (pour tuyau de lavage et lave-vaisselle, tuyau d'arrivée d'eau froide, 2,5 m, 1 pièce) Gris/Blanc",xavax,"22,06 €","11,54 €",2,
B0BL1T1R5Y,"Hama Casque TV ShellTV (Casque Circum-Auriculaire Stéréo, idéal télé, câble Extra Long 6m, Jack 3.52mm mâle, Adaptateur Jack 6.35mm mâle Inclus, 20 Hz-20 kHz, 32 ohms, 113 DB/MW) Noir",Hama,"21,66 €","12,95 €",1,
B0CNRYZR3R,"Hama Boîte pour câbles Maxi (Boite Rangement pour Cables chargeurs et multiprises, boitier Cache câbles 40x15,5x13,5cm, Pieds en Caoutchouc) Noir",Hama,"21,66 €","14,01 €",1,
B07F3RKPTB,"Hama Support mural pour Google Home mini (pour enceinte sans/avec fil, support d'enceinte, pour un alignement et une présentation optimaux de l'enceinte, montage mural) Blanc",Hama,"21,64 €","12,10 €",2,
B0CLD52FFP,"Hama Support Mural Magnétique pour Apple TV HD (4ème génération)/4K (1ère/2ème/3ème génération) (pour Fixer l'Apple TV Box sur Le Mur ou la TV, Garantie 10ans, Chevilles Fischer et vis VESA) Noir",Hama,"21,64 €","13,42 €",2,
B005DJKH1A,"Hama Album Photo ""Singo"" (album minimax, 22 x 22,5 cm, 100 pages, pour 200 photos au format 10 x 15 cm) Aqua",Hama,"21,37 €","10,80 €",2,
B0CP84WF61,"Hama Support TV Mural Fixe Garantie 10 Ans (Support TV Mural Extra-Plat, 40kg Max, Robuste, pour écrans LCD/LED/OLED/Plasma de 81 cm à 191 cm (32 à 75""), VESA Max 400x400) Noir",Hama,"20,82 €","17,96 €",1,
B0DGLN4233,"Hama Prise Connectée Etanche Matter (IP44, Prise Wifi Alexa Google, App Control, Aucun Hub requis, Prise Exterieure Etanche connectée Programmable) Noir",Hama,"20,82 €","14,21 €",1,
B0BL18HRQF,"Hama Support Téléphone Voiture Easy Snap (pour Smartphones d’Une Largeur de 5,5 à 8,5 cm, Support à Ventouse, pivotable 360°) Noir",Hama,"20,82 €","14,85 €",1,
B000KJOLUQ,"Hama Cadre photo Clip-Fixe (sans bordure, 60 x 80 cm, Reflex) Blanc",Hama,"19,99 €","11,49 €",1,
B0009V8WNW,"Hama Pochettes de Protection (en Papier pour CD/DVD/Blu-Ray, verrouillables, Lot de 100) Blanc/Transparent",Hama,"19,94 €","6,06 €",2,
B018VONYPY,"Hama Sonic Mobil 183 Enceintes pour Ordinateur - Système Stéréo 2.0, Haut-Parleurs Alimentés en USB, Connexion Jack 3.5mm - Noir/Rouge",Hama,"19,14 €","13,70 €",2,
B0000AIRTH,"Hama Cadre photo en plastique ""Décor Sevilla"" (taille du Cadre de 30 x 45 cm avec bordure de 9 mm x 17 mm, pour une photo de 20 x 30 cm) Or Mat",Hama,"19,14 €","13,00 €",2,
B0000AISEE,"Hama Cadre photo ""Clip-Fixe"" (sans bordure, 30 x 30 cm, Anti-Reflex) Blanc",Hama,"18,72 €","13,14 €",3,1
B07KWC3KMG,"Rapoo Souris optique sans fil Multi mode 2,4GHz/BT 3.0/BT 4.0 ""M500"" (bluetooth, souris d'ordinateur, design, avec boutons et molette de défilement) Noir",Rapoo,"18,71 €","14,28 €",1,
B01MS2OU9J,"Hama Chambre à air de vélo (Taille de 26"", avec Valve Automatique, Schrader) Noir",Hama,"18,62 €","7,12 €",2,
B09N9TH54H,"Xavax Égouttoir Porte Bouteilles (Support d'égouttage jusqu'à 6 Bouteilles, Pots, biberons Verres Tasses ou Mugs, Egouttoir Compact et Design, idéal sodastream, air-up, Avent, Philips) Noir",Xavax,"18,32 €","8,55 €",1,
B00005QFB0,"Hama Étuis à négatifs, papier cristal, 7 bandes de 6 négatifs, 24x36cm, 25 pièces",Hama,"18,32 €","10,62 €",2,1
B0032DAL6U,"Hama Album photo ''Catania'' (taille 22 x 22 cm pour 200 photos au format 10 x 15 cm, 100 pages, papier stratifié, thématique mariage/vacances, emplacement pour CD, personnalisable) Gris",Hama,"18,32 €","9,94 €",2,
B01NCK7ZL3,"Hama Album Photo Fine Art (Format 30 x 30 cm, 100 Pages Noires, sans Spirale) Craie",Hama,"18,10 €","9,88 €",1,
B06XB6RY6Q,"Hama Album photo ""Joana"" (pour 100 photos au format 10 x 15 cm, album traditionnel enfant de 25 x 25 cm, 50 pages blanches, château, licorne, élégant) Rose/Blanc",Hama,"17,48 €","11,38 €",2,
B001UBEV4O,"Hama Album, Gris, 36 x 32 cm",Hama,"17,42 €","8,53 €",1,
B0764LMPBN,"Hama Multiprise avec Interrupteur 10 Prises 16A (Rallonge multiprises 3m, Bloc 10 Prises Type F Schuko, 3500W Max, Idéal Bureau PC luminaires, Atelier, Meuble TV, Garage) Noir",Hama,"16,66 €","10,36 €",1,
B08YS1ZZ99,"Hama Hub USB Garantie 10ans '00200119' (4 Ports USB 2.0, 480Mbit/s, Plug&Play, Idéal PC, Ordinateur Portable, Tablette, MacBook) Noir",Hama,"16,64 €","9,96 €",2,
B000VRFBM4,"Hama Album Photo ""Fine Art"" (format 36 x 32 cm, 50 pages noires, à spirale) Noir",Hama,"16,62 €","8,04 €",1,
B06X9NRXV9,"Hama Album photo vierge ""Lazise"" (album photo traditionnel 29 cm x 32 cm, 50 pages blanches, pour 250 photos 10 cm x 15 cm, format maximum 28 cm x 31 cm) Doré/Blanc",Hama,"16,58 €","9,31 €",1,1
B096YFPTBR,"Hama Kit de Nettoyage d'Appareil Photo 4 en 1 ""Optic Dry (Kit de Nettoyage à Sec avec Stylo Lenspen + Chiffon Microfibre + Poire, pour Objectif Photo, Filtre, APN, Caméra Reflex, Jumelle, écran)",Hama,"16,42 €","18,90 €",1,
B0BL196X57,"Hama Chargeur sans Fil 10W QI-FC10 (Chargeur Induction, 10 W, Chargeur sans Fil Cable USB-C pour Smartphone) Noir",Hama,"16,17 €","9,83 €",1,
B0D6CC34HZ,"Hama Coque pour iPhone 15 ""Daily Protect [Housse de Protection avec Rangement Carte] [Etui à Rabat] - Noir",Hama,"15,82 €","14,20 €",1,
B000N8UX88,"Hama Trépied Appareil Photo Star 20""",Hama,"15,79 €","6,92 €",2,
B003KKWLJA,"Xavax Raccord de tuyau d' arrivée d'eau en laiton (pour tuyaux d’arrivée de lavage et de lave-vaisselle, embout de tuyau d’admission) Dorée",xavax,"15,54 €","8,28 €",2,
B0186CU9A4,"Hama Album Photo ""Fine Art"" (format 29 x 32 cm, 50 pages blanches, sans spirale) Bleu",Hama,"15,24 €","10,19 €",1,
B00W5C0BRS,"Hama Casque Stéréo HK-229 (Casque Audio Supra-Auriculaire pour Lecteur mp3, iPod, Bande passante de 20 Hz - 20 kHz, Jack 3,52mm mâle, câble uni-latéral de 1,5 m, Ajustable et léger) Noir/Gris",Hama,"15,21 €","10,60 €",1,
B006WYIWVM,"Hama 2 Clés de desserrage pour filtres Photo (pour filtres de 62 à 86mm) Noir",Hama,"14,98 €","11,82 €",2,
B0015KFAIQ,"Xavax Filtre combiné universel pour friteuses (2 filtres à graisse et à charbon actif pour friteuses, filtre combiné universel, coupe individuelle, 33 x 29,6 cm) Noir/Blanc/Gris",xavax,"14,97 €","9,30 €",3,
B08SDTPYQP,"Hama Mini Trépied de Table Pocket II Rotation (trépied avec Support Smartphone iPhone/Samsung/GoPro, Rotatif, inclinable Paysage Portrait, idéal Voyage, Pas de vis de 1/4"") Noir",Hama,"14,84 €","17,72 €",2,
B0000AISF4,"Cadre tableau sans bordure Clip-Fix 30x40 antireflet",Hama,"14,65 €","4,41 €",1,
B0000AISOV,"Hama Cadre photo Clip-Fixe (sans bordure, 30 x 30 cm, Reflex) Blanc",Hama,"14,43 €","3,11 €",1,
B0BRYDB26C,"Hama Canosa V2 Souris sans Fil - Technologie Bluetooth® 5.0, Capteur 1600 dpi, Clics Silencieux, Ambidextre - Grise Anthracite",Hama,"14,16 €","12,95 €",1,
B0000AISCX,"Hama Cadre Photo Clip-Fixe (sans Bordure, 30 X 45 Cm, Anti-Reflex) Blanc",Hama,"14,16 €","4,46 €",1,1
B00CBVEZNO,"Hama Support pour Ordinateur Portable Carbone (Support pour Ordinateur Portable jusqu'à 47 cm, Hauteur 8 cm, Pieds en Caoutchouc antidérapants, Aspect Carbone) Noir",Hama,"14,16 €","8,05 €",1,
B079P3WHJ5,"Hama Kit de Nettoyage pour disques Vinyles (Nettoyage et Entretien de Disque Vinyle, Solution Spray pour Vinyl et Brosse de Nettoyage) Noir",Hama,"14,16 €","10,18 €",1,
B0002W5WEU,"Hama Boîtier Slim (pour DVD, Convient également aux CD et disques Blu-Ray, Ultra Mince, avec Une Feuille pour la Couverture, Lot de 25) Noir/Transparent",Hama,"14,16 €","10,48 €",1,
B0002VFL1K,"Hama Pochettes pour CD-ROM/DVD-ROM (Pochettes CD plastique, pochette de protection colorées, lot de 50, Multicolore) Bleu/Orange/Violet/Rose/Vert",Hama,"14,14 €","9,68 €",2,
B01BBTCVKA,"Hama Album Photo ""Fine Art"" (format 30 x 30 cm, 100 pages blanches, sans spirale) Malibu",Hama,"14,07 €","8,82 €",1,
B01EG0O104,"Hama Sonic Mobil 185 Enceintes pour Ordinateur - Système Stéréo 2.0, Haut-Parleurs Alimentés en USB, Connexion Jack 3.5mm - Noir/Argent",Hama,"13,82 €","9,25 €",1,
B0000AISA5,"Hama Cadre en plastique Madrid (taille de cadre de 20 cm x 30 cm, taille de la photo de 13 cm x 18 cm, 1 photo par cadre, à accrocher, élégant, simple, classique) Bleu",Hama,"13,71 €","7,98 €",3,
B00006IVSZ,"Hama Pochette ""Pare-soleil"" (pour véhicule, pour 12 CD/DVD/Blu-Ray) Noir",Hama,"13,37 €","5,14 €",1,
B095CSQVHG,"Hama Lot de Mini-Tournevis 24 en 1 avec Pochette (idéal Petites Réparations Electronique, Manche en Aluminium, 24 Embouts interchangeables, Garantie 10ans) Noir",Hama,"13,32 €","9,80 €",1,
B01BBTCVOQ,"Hama Album Photo Fine Art (Format 30 x 30 cm, 100 Pages Blanches, sans Spirale) Kiwi",Hama,"13,32 €","8,18 €",1,
B005MNBU5E,"Xavax Fixations pour Sèche-linge (Plaques de Fixation Auto-adhésives, 5 x 5 cm, résistantes à l'humidité, antidérapantes grâce à un adhésif spécial, à coller, jeu de 4) Blanc",xavax,"13,32 €","9,07 €",1,
B0CXHQD8ZK,,UNKNOWN,"13,32 €","10,98 €",2,
B005DJKJIQ,"Hama Album Photo ""Singo"" (album grand format, 30 x 30 cm, 100 pages, pour 400 photos au format 10 x 15 cm) Rose",Hama,"13,27 €","6,41 €",1,
B01MXGY1S1,"THOMSON Casque HED2006BK/AN (Circum-aural, câblage uni-latéral, Over-The-Ear, Serre-tête, avec Fil, 20-20000 Hz, 1,2 m) Noir",Thomson,"13,24 €","9,14 €",1,
B000S8FNTM,"Hama E 80 Enceintes pour Ordinateur - Système Stéréo 2.0, Haut-Parleurs Alimentés en USB, Connexion Jack 3.5mm, Sortie Casque - Noir",Hama,"12,98 €","9,08 €",1,
B0791821RN,"Lecteur multi-cartes USB 3.0, SD/microSD/CF/MS, noir",Hama,"12,91 €","8,40 €",1,
B01KFLHB1E,"Hama Album photo vierge ""Bernd"" (album photo traditionnel format 22,5 cm x 22 cm, 100 pages, pour 200 photos 10 cm x 15 cm) Marron/Blanc/Noir",Hama,"12,82 €","5,58 €",1,
B0BL1H5S5W,"Hama Ecouteurs sans Fil Tour du Cou Freedom Run (Casque Bluetooth Intra-Auriculaires Tour d'oreille avec Micro, 6h d'autonomie, Idéal Sport, Course, Vélo, Gym, Contrôle Vocal) Noir",Hama,"12,49 €","14,80 €",1,
B0000AIRSL,"Hama Cadre photo Clip-Fixe (sans bordure, 50 x 60 cm, Reflex) Blanc",Hama,"12,49 €","6,69 €",1,
B0CNRY52S9,"Hama Boîte de Rangement Câbles 'Mini' (Cache câbles, pour Bureau, Maison, Rangement Chargeurs, Multiprises, Disques durs, 23.5x11.5x12.cm) Blanc",Hama,"12,49 €","9,29 €",1,
B005DJKFIU,"Hama Album Photo Singo (Album Auto-adhésif, 28 x 31 cm, 20 Pages, pour 60 Photos au Format 10 x 15 cm) Rose",Hama,"12,30 €","4,51 €",1,
B01LRD3V54,"Black Rock Coque 'Air' (pour Apple iPhone 6S/7/8 Plus, protection parfaite, design mince, en polycarbonate, polyurethane termoplastique (PUT)) Transparent","Black Rock","11,69 €","11,69 €",1,
B0000AIS8M,"Hama Cadre photo en plastique ""Décor Sevilla"" (taille du Cadre de 21 x 29,7 cm (DIN 4) avec bordure de 9 mm x 17 mm, pour une photo de 15 x 20 cm) Or Mat",Hama,"11,67 €","4,26 €",1,
B0009V6OCS,"Hama Boîtier Slim (pour CD et disques Blu-ray, ultra mince, avec une feuille pour la couverture, lot de 25) Noir/Transparent",Hama,"11,66 €","6,89 €",1,
B07NH5D9MX,"Microphone MIC-P35 Allround pr PC et ordinat. Portable, Jack 3,5 mm",Hama,"11,66 €","13,24 €",1,
B002ADGINS,"Hama Étui Hard Drive Case (pour Disque Dur, 2,5"", néoprène, Étui de Protection pour Disque Dur Externe 6,4"", Accessoire, néoprène) Noir",Hama,"11,64 €","8,66 €",2,
B06XB97YH4,"Hama Album photo ""Nora"" (pour 200 photos au format 10 x 15 cm, album traditionnel enfant de 22,5 x 22 cm, 100 pages blanches, hippopotame, élégant) Gris/Marron/Blanc",Hama,"10,83 €","6,51 €",1,
B07F3FYT43,"Dispositif de Fixation à Pince pour multiprise",Hama,"10,82 €","9,13 €",1,
B06XB3M3NX,"Hama Album photo ""Liam"" (pour 200 photos au format 10 x 15 cm, album traditionnel enfant de 22,5 x 22 cm, 100 pages blanches, tigre, élégant) Marron/Orange/Noir/Blanc",Hama,"10,82 €","6,51 €",1,2
B000IH1W20,"Hama Lecteur USB 2.0 ""35en1"" (USB, lecteur cartes multiples, Lecteur de carte SD, SDHC, SDXC, Type I / II CF, MMC) Bleu",Hama,"10,82 €","6,50 €",1,
B00APYQTPQ,"Xavax Graisse silicone multiple ""OKS 1110"" (pour l'entretien des machines à café, des raccords et des joints d'étanchéité, sans danger pour les aliments, transparent, 20 g) Blanc/Bleu",xavax,"10,82 €","7,26 €",1,
B00KA4516Y,"Hama Ventilateur USB avec affichage de la température",Hama,"10,82 €","7,54 €",1,
B0CYMZ4GG9,"Hama Pocket 5 - Batterie Externe [Power Bank 5 000mAh] [Batterie Portable USB C Fast Charge], Compatible avec Les iPhones Samsung et Bien Plus - Gris Anthracite",Hama,"10,82 €","9,10 €",1,
B079PCTWYM,"Hama Brosse (en Fibre de Carbone, pour Le Nettoyage des disques, vinyles) Noir/Argent",Hama,"10,24 €","5,28 €",1,
B000X9VFWK,"Xavax Réducteur de diamètre (pour hottes aspirantes de 150 mm sur 125 mm) Blanc",xavax,"10,19 €","4,38 €",1,1
B00005UPC8,"Hama Boîtier standard double (pour CD et disques Blu-Ray, Étui protecteur pour CD, paquet de 10) Transparent",Hama,"9,99 €","6,71 €",1,
B07NH3HKGK,"Hama Démarreur pour tubes LED",Hama,"9,98 €","7,50 €",2,
B004IYLMHE,"Hama Clé USB 2.0 ""Rotate, 8 GB (10 MB/s, Flashpen Rotate) Noir/Argenté",Hama,"9,98 €","6,00 €",2,
B08YRY2LQJ,"Hama Câble Jack 3.5 Male Male (Câble Auxiliaire Stéréo Jack 3.5mm, Cable Audio Garantie 10ans, 1.5m, compatible iPhone, iPod, iPad, Voiture, Casque, Autoradio, Smartphones, MP3) Noir",Hama,"9,96 €","13,77 €",3,
B0000AISCG,"Hama Cadre photo en plastique Sevilla (taille du Cadre de 21 x 29,7 cm (DIN 4) avec bordure de 9 mm x 17 mm, pour une photo de 15 x 20 cm) Blanc",Hama,"9,65 €","3,50 €",1,
B000TCQPWG,"Hama Boîtier Slim (pour CD et disques Blu-ray, ultra mince, avec une feuille pour la couverture, lot de 20) Noir/Transparent",Hama,"9,57 €","6,72 €",1,
B001UBD14U,"Hama Album Photo Fine Art (Format 28 x 24 cm, 50 Pages Noires, à Spirale) Vert Pomme",Hama,"9,57 €","5,63 €",1,
B01LXBUDEJ,"Hama Pêle-mêle cadres photo portr., 1 10x15cm, 1 10x10cm, 1 9x10cm",Hama,"9,16 €","6,59 €",1,
B074JD5KRM,"Hama Cadre en plastique ""Madrid"" (taille de cadre de 21 cm x 29,7 cm, taille de la photo de 15 cm x 20 cm, 1 photo par cadre, à accrocher, élégant, simple, classique) Argent",Hama,"9,14 €","4,76 €",2,
B06XB2Y8KR,"Hama Album traditionnel ""Lazise"" (taille de l'album de 22,5 x 22 cm, pour 200 photos au format 10 cm x 15 cm, 100 pages, avec pochette CD, élégant) Blanc/Noir/Rose",Hama,"8,74 €","5,58 €",1,
B07JX89WGL,"Plaque de fixation d’appareil photo/caméscope pour trépied ""Star 75""",Hama,"8,74 €","5,58 €",1,
B0015IL6GS,"Hama Cadre photo en plastique ""Sevilla Dekor"" (taille du Cadre de 30 x 30 cm avec bordure de 13 mm x 17 mm, pour une photo de 20 x 20 cm) Argent Mat",Hama,"8,49 €","6,40 €",1,
B002IK2SNM,"Hama - 20563 - Colliers de serrage pour câbles, Champ inscriptible, 98mm, 25 pces, Naturel",Hama,"8,32 €","5,54 €",2,
B0BKZ1C59D,"Hama Support Téléphone Voiture Compact (pour Smartphones Largeur de 5.5 à 8.5 cm, Fixation Clip Grille aération, pivotable 360°) Noir",Hama,"8,32 €","5,20 €",1,
B096YDY67K,"Hama Chiffon de Nettoyage en Microfibres Pocket (Chiffon avec Sac de Rangement et Mousqueton, idéal pour Appareil Photo Objectif Écran Caméra Smartphone Ipad Bijoux Filtre Lunette)",Hama,"7,91 €","3,45 €",1,
B0C6CK8KFG,"Hama Câble Enceinte HiFi (Cable pour enceinte, 10m, Câble Audio pour Enceinte, Câble HP de Haut Parleur en Cuivre pour Hifi et Hifi embarquée, 2 x 0.75 mm²) Transparent",Hama,"7,83 €","4,19 €",1,
B0000AISFJ,"Hama Cadre photo en plastique Sevilla (taille du Cadre de 15 x 20 cm avec bordure de 9 mm x 17 mm, pour une photo de 10 x 15 cm) Blanc",Hama,"7,68 €","3,93 €",1,
B0B59G9QZ5,"Hama Film de protection d'écran pour Apple iPad Air 10,9"" (2020/2022) 'Crystal Clear' (Excellente reproduction des couleurs, protège des rayures et des traces de doigts) Transparent",Hama,"7,49 €","8,00 €",1,
B0C5JQK5QL,"Hama Pages Intérieures Album Photo Scrapbooking (Recharge de Pages Photo Cartonnées avec Papier Cristal de Protection, 250g/m2, 23.3 x 31 cm, Perforées, 25 feuilles) Noir",Hama,"7,49 €","4,79 €",1,
B08YRYNK16,"Hama Câble USB-C 'Flexi-Slim' (USB 2.0, 480 Mbit/s, 0.75 m, pour PC, ordinateur, Macbook, Tablette, Smartphone, Power Pack, Enceinte, Manette de jeux, garantie 10ans) Noir",Hama,"7,49 €","6,25 €",1,
B0050GRM28,"Hama Pochette Ready for Business (pour Stocker 24 CD/DVD/Blu-Ray, 6 emplacements pour Carte mémoire) Noir",Hama,"7,49 €","4,62 €",1,
B07PHQ17NW,"Hama Album à Spirale 'Watercolor Moments', 28 x 24 cm, 50 Pages Blanches",Hama,"7,49 €","4,68 €",1,
B01K47G660,"Mini album photo à pochettes pour 40 photos au format 10 x 15 cm, noir",Hama,"7,48 €","5,32 €",2,
B000VRCKS2,"Hama Album Photo Fine Art (Format 24 x 17 cm, 50 Pages Noires, à Spirale) Bleu",Hama,"7,07 €","3,93 €",1,
B005SS65GW,"Hama Chiffon 3 en 1 (pour ordinateur portable avec écran de 40 cm (15,6""), tapis de souris, en microfibre, film de protection, chiffon de nettoyage) Anthracite",Hama,"6,66 €","4,55 €",1,
B00006J4G7,"Hama Présentoir de Distributeur de pastilles adhésives (500 coins photos, diamètre de 10 mm, papier/viskose) Transparent",Hama,"6,64 €","4,62 €",2,1
B0000AHIEM,"Hama Passe-partout, blanc arctique, 24 x 30 cm",Hama,"6,64 €","4,02 €",2,
B08YS3GKHM,"Hama Adaptateur vidéo, fiche VGA - Port DVI, Full-HD 1080p, Métal, Garantie 10 Ans, Noir",HAMA,"5,82 €","6,60 €",1,
B0C5JPTNRF,"Hama Pages Intérieures Album Photo Scrapbooking (Recharge de Pages Photo Cartonnées, 250g/m2, 23.3 x 31 cm, Perforées, 25 feuilles) Noir",Hama,"5,82 €","3,81 €",1,
B0000AISQG,"Hama Passe-partout Premium, ivoire, 30 x 40 cm",Hama,"5,82 €","3,05 €",1,
B00SXKWE08,"Xavax Cloche ""S-Capo"" pour micro-ondes",xavax,"5,82 €","4,36 €",2,
B0CP85VQFG,"Xavax 00220734 Raccord de Siphon, Blanc",Xavax,"5,82 €","3,41 €",1,
B001730SIS,"Etui Fashion pour Sticks USB, Noir",Hama,"4,99 €","4,89 €",1,
B07F82LSLN,"Hama Support Travel Pliable pour tablettes et Smartphones (Idéal pour Les déplacements, Solide et Pratique) Couleur aléatoire Parmi Blanc/Bleu/Gris/Jaune/Noir/Rouge/Vert",Hama,"4,47 €","1,67 €",1,
B0053DXXJO,"Xavax Thermomètre analogique pour réfrigérateur, freezer ou congélateur (à suspendre au réfrigérateur, congélateur, cave à vin, minibar, minimum -30 degrés, maximum 50 degrés, format rond) Blanc",xavax,"4,16 €","2,97 €",1,
B00006JAOZ,"Hama Fusibles en Verre (fusible de voiture, 40A, 10 x 38mm, plaqué or, 2 pièces) Or/Transparent",Hama,"4,16 €","1,78 €",1,
B0009V6OBE,"Hama Pochettes de Protection (en Papier pour CD/DVD/Blu-Ray, Lot de 50) Blanc/Transparent",Hama,"4,16 €","2,55 €",1,
B01K47G7VO,"Mini album photo à pochettes ""La Fleur"" pr 40 photos 10 x 15 cm, blc",Hama,"3,74 €","2,49 €",1,
B07PD6WYDC,"Hama Mini-Album Photo à Pochettes Brushstroke (Album Photo Traditionnel 13 x 16,5 cm, 24 Pages pour 24 Photos Format 10 x 15 cm, Protection idéale, Artistique, élégant) Bleu/Jaune/Orange/Blanc",Hama,"2,91 €","1,93 €",1,
B00006J9WQ,"Hama Coins Adhésifs Photos (Distributeur de 200 Coins Photos, diamètre de 10 mm, PP Anti Statique) Transparent",Hama,"1,41 €","1,47 €",1,
B0000AIRRQ,"Hama Cadre photo ""Clip-Fixe"" (sans bordure, 50 x 70 cm, Reflex) Blanc",Hama,,,,1
B09V1K3Y9M,"Hama Applique Murale LED Connectée (Éclairage mural WiFi Design Up-and-Down, pour Intérieur et Exterieur IP44, Commande vocale via Alexa, Google Assistant, Siri) Blanc",Hama,,,,4
B0000AISOU,"Porte-tableaux Clip-Fix 28x35cm antireflet",Hama,,,,1
B00006JDJU,"Hama - 46020H - Micro monophonique, finition noire métal, jack de 3,5mm et adaptateur 3,5/6,35 mm, interrupteur marche/arrêt sur le micro, 600 Ohms, dynamique et unidirectionnel - Cordon 3.00m",Hama,,,,2
B0BL1CFWRT,"Hama Ecouteurs Lightning Glow (Ecouteurs Intra-Auriculaires filaires, Micro et Contrôle du Volume, Ecouteurs pour iPhone, Certifiés MFi, Compatibles Apple iPhone iPad iPod) Blanc",Hama,,,,1
B0000AI3G4,"Hama Cadre en plastique ""Madrid"" (taille de cadre de 50 cm x 70 cm, taille de la photo de 30 cm x 45 cm, 1 photo par cadre, à accrocher, élégant, simple, classique) Noir",Hama,,,,1
B0000AI3IW,"Hama Cadre photo en plastique ""Sevilla"" (taille du Cadre de 50 x 70 cm avec bordure de 13 mm x 20 mm, pour une photo de 30 x 45 cm) Blanc",Hama,,,,2
B07TM7WRZY,"Hama Elegance Horloge Murale à Quartz Cercle Gris, Argent - Horloges murales (AA Mignon, Gris, Argent, Plastique, Verre, 45 mm, 495 g)",Hama,,,,1
B008JCRAGI,"Xavax Boîte de condensation pour sèche-linges à évacuation, Blanc, 28.5 x 23.5 x 23 cm",xavax,,,,1
B00006J9WN,"Hama Boîtier Multipack (pour 4 CD/DVD/Blu-Ray, Multipack, 4 in 1, étui de Protection pour CD) Noir/Transparent",Hama,,,,3
B0026MT4CK,"Xavax Tuyau d'Arrivée d'Eau Froide 2.5m (Tuyau Universel pour Lave Vaisselle, Lave-Linge, Connexion 3/4""(1,91 cm) Droit/Coudé Angle 90°) Gris",xavax,,,,1
B0BL1RL5YW,"Hama Chargeur Rapide 33W 4 Ports USB (Chargeur Qualcomm Quick Charge 3.0, Chargeur USB, Adaptateur Secteur Charge Rapide, 1 USB-A QC, 3 USB-A) Noir",Hama,,,,3
B0C7VHX9FG,"Hama Album photo Jumbo ""La Souris"" (livre photo album grand format 30x30cm, 80 pages blanches à personnaliser et à coller, album enfant pour 320 photos au format 10 x 15 cm, Motif Souris) Jaune",Hama,,,,1
B08NCYZ4BV,"Hama Câble Antenne TV Coudé Garantie 10ans (Cable Coaxial TV, M/F, 2x coudé 90°, 3m, triple blindage 90db, Anneau Ferrite, Cable Coaxial Satellite, Connexion TV vers Fiche TV Murale ou Décodeur) Blanc",Hama,,,,1
B0187XDXPA,"Hama Casque Essential HS 300"" avec Microphone (Ultra-léger, Oreillettes rembourrées, Casque stéréo, chaîne stéréo, réglage du Volume sur Le câble, Longueur de câble de 2 m, Prise Jack 3,5 mm) Noir",Hama,,,,1
