Programme=[Retail],Aperçu du distributeur.=[Fabrication],Afficher par=[ASIN],Pays=[FR],Entreprises=[~ Hama EURL (FR)],Local=[fr_FR],Devise=[EUR],Intervalle des rapports=[Semaine],Champ de vision.=[02/03/2025 - 08/03/2025],Rapport mis à jour=[21/03/2025]
ASIN,"Nom du produit",Marque,"Chiffre d’affaires basé sur les commandes","Unités commandées","Chiffre d’affaires basé sur les expéditions","COGS expédié","Unités expédiées","Retours client"
B00005QFCJ,"Hama Adaptateur Cassette VHS-C/VHS (Convertisseur Vidéo VHS C vers VHS, Cassette Adaptatrice Motorisée pour magnétoscope, 6 Mm, Non Compatible 8mm/MiniDV/Hi8) Noir",Hama,"3 014,44 €",121,"3 139,70 €","2 581,74 €",126,23
B00006JAQ7,"Hama 007103 - Ruban photo transparent, Blanc, 1000 pièces (2 paquets de 500 pièces)",Hama,"913,00 €",275,"939,56 €","814,84 €",283,1
B00D2S92L0,"Xavax Hama Boîte de transport pour un gâteau (boîte rond, Ø 31,5 x 8cm, avec diviseur, capote et compartiments, partie de service et gâteau de gâteau) Anthracite/Transparent",xavax,"854,22 €",62,"880,86 €","458,88 €",64,4
B0000AISCF,"Hama Cadre photo en plastique Sevilla (taille du Cadre de 21 x 29,7 cm (DIN 4) avec bordure de 9 mm x 17 mm, pour une photo de 15 x 20 cm) Noir",Hama,"788,42 €",158,"798,40 €","551,31 €",160,
B00006JAXW,"Hama Plateau Universel Hama Rond (40 cm, Taille XL, Poids supporté 100 kg (idéal pour TV, Enceintes, écrans, appareils de Cuisine) Noir",Hama,"774,69 €",31,"749,70 €","356,10 €",30,
B00005YVIU,"Hama Distributeurs Coins photo (1000 coins, autocollants, distributeur pratique, sans acide, sans solvant, adapté albums, permet un archivage fiable, scrapbooking) Transparent",Hama,"760,28 €",229,"737,04 €","644,94 €",222,2
B01N2RIZMU,"Xavax Socle universel ""Gigant"" (60 x 60 cm, augmentation de 50 cm, socle stable avec compartiment inférieur, pieds réglables en hauteur, socle pour lave-linge/sèche-linge) Blanc",xavax,"650,34 €",5,"517,84 €","377,64 €",4,
B00006J4EP,"Hama Boîtier standard (pour CD et disques Blu-Ray, Étui protecteur pour CD, paquet de 10) Noir/Transparent",Hama,"606,69 €",81,"561,75 €","281,25 €",75,
B0764LMPBN,"Hama Multiprise avec Interrupteur 10 Prises 16A (Rallonge multiprises 3m, Bloc 10 Prises Type F Schuko, 3500W Max, Idéal Bureau PC luminaires, Atelier, Meuble TV, Garage) Noir",Hama,"592,78 €",35,"649,74 €","404,04 €",39,
B07CLVR52S,"Hama Album photo enfant ""Batzi"" (taille de l'album de 19 x 25 cm, format pour 200 photos 10 x 15 cm, avec 100 pages, papier stratifié, insertion latérale des photos, ours debout) Marron",Hama,"522,12 €",57,"567,92 €","396,22 €",62,1
B00006IVA8,"Hama Cassette de Nettoyage VHS pour MAGNETOSCOPE (Nettoyeur de tête vidéo lecteurs VHS/S-VHS/VHS-C/S-VHS-C, Liquide de Nettoyage Inclus, Nettoyant de Têtes Vidéo - K7 Nettoyage VHS) Noir",Hama,"443,52 €",56,"403,92 €","464,10 €",51,1
B07GLF5SMF,"Hama Album Photo ""Fine Art"" (format 30 x 30 cm, 100 pages noires, sans spirale) Noir",Hama,"427,29 €",21,"427,29 €","210,63 €",21,3
B0009V6Q30,"Hama Boîtier Slim (pour CD et disques Blu-ray, ultra mince, avec une feuille pour la couverture, lot de 25) Transparent/Bleu/Orange/Vert/Rouge/Violet",Hama,"399,60 €",40,"399,60 €","323,60 €",40,2
B00006JAMU,"Hama Étuis à négatifs, polypropylène, 7 bandes de 6 négatifs, 24x36cm, 25 pièces",Hama,"386,28 €",29,"359,64 €","276,60 €",27,
B07BGLLS26,"Chiffons pour écrans, 100 pièces, dans un distributeur",Hama,"341,48 €",46,"356,76 €","190,85 €",47,
B01K47GW46,"Hama Album photo Jumbo ""La Fleur"" 30 x 30 cm (livre photo de 100 pages blanches, album photos souvenirs pour 400 photos au format 10x15 cm, à personnaliser- à coller, Idée Cadeau, motif Feuilles) Noir",Hama,"313,78 €",29,"313,78 €","202,67 €",29,1
B0083M13TY,"Hama Cadre photo en plastique Sevilla (taille du Cadre de 29,7 x 42 cm (DIN A3) avec bordure de 9 mm x 17 mm, pour une photo de 18 x 24 cm, verre en polystyrène) Noir",Hama,"309,69 €",31,"369,63 €","210,90 €",37,1
B0002W5WBI,"Hama Boîtier Slim (pour CD et disques Blu-Ray, Ultra Mince, avec Une Feuille pour la Couverture, Lot de 100) Noir/Transparent",Hama,"309,60 €",9,"240,80 €","186,76 €",7,
B09MQQM1ZJ,"Xavax Socle machine à laver avec étagère (Support Sèche Linge Lave Linge,Réhausseur de Machines, Base universelle avec Pieds Réglables en hauteur, charge 150 kg) Blanc",Xavax,"301,54 €",3,"301,54 €","156,00 €",3,
B00G3BMWQA,"Xavax Minuteur à œuf (avec fonction minuterie, sablier, en acier inoxydable) Argent",xavax,"299,70 €",45,"306,36 €","215,78 €",46,1
B00SL6I2WI,"Hama Album Photo Jumbo ""Fine Art"" (Album 30x30cm, 50 feuilles/100 pages blanches, pour coller 400 Photos de 10x15 cm, Look livre sans spirale, Couverture personnalisable, Idée cadeau) Noir",Hama,"298,41 €",17,"345,67 €","162,06 €",20,
B08SFPD9F2,"Hama Station météo sans fil interieur exterieur Meteotime (centre de prévision météorologique, Horloge radio pilotée DCF, Sonde sans fil, Thermomètre, Hygromètre, Alarme, Reveil, rétro éclairage) noir",Hama,"284,37 €",5,"289,66 €","236,25 €",5,
B07CKR6PKL,"Hama Album photo enfant ""Batzi"" (taille de l'album de 19 x 25 cm, format pour 200 photos 10 x 15 cm, avec 100 pages, papier stratifié, insertion latérale des photos, ours assis) Marron",Hama,"274,80 €",30,"274,80 €","191,70 €",30,
B079PN72PJ,"Hama Souris Optique sans Fil Riano (Souris Gauche sans Fil, avec récepteur Nano USB, Vertical, 800-1600 dpi, Interrupteur de Marche/arrêt, 3 Boutons, 2,4 GHz) Noir",Hama,"269,04 €",19,"254,88 €","181,81 €",18,1
B0002W5WEU,"Hama Boîtier Slim (pour DVD, Convient également aux CD et disques Blu-Ray, Ultra Mince, avec Une Feuille pour la Couverture, Lot de 25) Noir/Transparent",Hama,"269,04 €",19,"382,32 €","282,96 €",27,
B0032DAL6U,"Hama Album photo ''Catania'' (taille 22 x 22 cm pour 200 photos au format 10 x 15 cm, 100 pages, papier stratifié, thématique mariage/vacances, emplacement pour CD, personnalisable) Gris",Hama,"262,94 €",29,"299,58 €","164,01 €",33,
B00006JDEX,"Hama Plateau Universel Hama Rond (32 cm, Taille L, Poids supporté 80 kg (idéal pour TV, Enceintes, écrans, appareils de Cuisine) Noir",Hama,"262,22 €",14,"263,78 €","130,64 €",14,2
B06XB2Y8KR,"Hama Album traditionnel ""Lazise"" (taille de l'album de 22,5 x 22 cm, pour 200 photos au format 10 cm x 15 cm, 100 pages, avec pochette CD, élégant) Blanc/Noir/Rose",Hama,"262,20 €",30,"262,20 €","167,15 €",30,
B0002W5WBS,"Hama Boîtier Slim (pour CD et disques Blu-Ray, Ultra Mince, avec Une Feuille pour la Couverture, Lot de 50) Noir/Transparent",Hama,"261,51 €",11,"260,13 €","137,50 €",11,
B08GRRDVN9,"Hama Destructeur de Documents Mini S6 (Broyeur Documents 6 Feuilles 80g, Destructeur Papier, Déchiqueteur sécurité P1, 72 DB, M/A Auto, Fonction Retour, s'adapte sur des Corbeilles à Papier) Noir",Hama,"257,60 €",10,"278,42 €","169,57 €",11,1
B0000AIS0W,"Hama Cadre photo en plastique Sevilla (taille du Cadre de 30 x 40 cm avec bordure de 9 mm x 17 mm, pour une photo de 20 x 28 cm) Blanc",Hama,"253,12 €",32,"292,67 €","188,70 €",37,
B00005UPC8,"Hama Boîtier standard double (pour CD et disques Blu-Ray, Étui protecteur pour CD, paquet de 10) Transparent",Hama,"229,77 €",23,"249,75 €","167,75 €",25,1
B08YRY2LQJ,"Hama Câble Jack 3.5 Male Male (Câble Auxiliaire Stéréo Jack 3.5mm, Cable Audio Garantie 10ans, 1.5m, compatible iPhone, iPod, iPad, Voiture, Casque, Autoradio, Smartphones, MP3) Noir",Hama,"222,44 €",67,"219,12 €","303,39 €",66,
B0013IPAJY,"Hama Kit de Nettoyage et de réparation pour CD/DVD (25 ML de pâte de réparation, 45 ML de Liquide nettoyant, 1 Coque de Nettoyage, 5 Chiffons, 8 pièces) Blanc/Bleu/Rouge/Noir",Hama,"220,60 €",10,"199,32 €","129,87 €",9,
B000EBFN70,"Hama Trépied Appareil Photo Vidéo 106.5cm Star 5"" avec Sac de Transport (Trépied Télescopique Aluminium 4 éléments, Tête 3 Voies 3D, Niveaux à Bulles intégrés, Attache Rapide) Beige",Hama,"210,65 €",15,"168,74 €","127,75 €",12,1
B00006IVA9,"Hama CD de nettoyage (pour tête de lecture laser, pour éliminer la poussière dans les lecteurs de CD, CD de nettoyage au laser) Blanc/Bleu/Rouge",Hama,"209,67 €",23,"281,48 €","163,32 €",31,1
B08GS8FVB5,"Hama Destructeur de Documents Basic S6 (Broyeur de Documents, Sécurité P-2, 6 Feuilles, Corbeille 8L, Découpe en Bandes 6mm, 70 DB, M/A Auto, Idéal Bureau & Maison) Noir",Hama,"204,12 €",7,"145,80 €","90,50 €",5,
B08SDTHMQB,"Hama Album Photo bébé ""Our Baby"" personnalisable Scrapbooking (Album photo naissance, baptême, Cadeau d'anniversaire enfant, Style Mémo, 22,5 x 22 cm, 100 Pages, Max. 200 Photos 10x15 cm) Multicolore",Hama,"201,02 €",23,"201,02 €","126,50 €",23,
B00006JABA,"Hama Adhésif Cinekett (pour films Super 8, 100 pièces, S8, 1 piste audio libre) Blanc/Rouge",Hama,"200,20 €",11,"145,60 €","95,84 €",8,
B0009V8WNW,"Hama Pochettes de Protection (en Papier pour CD/DVD/Blu-Ray, verrouillables, Lot de 100) Blanc/Transparent",Hama,"199,40 €",20,"239,28 €","72,72 €",24,
B0BNLLF6YV,"Hama iTuner Hi-FI DIT2105SBTX Dab+ Bluetooth (Tuner Internet Radio FM Dab, Tuner HiFi, Radio numérique, RX/TX, WiFi, Spotify Connect, Amazon Music, App UNDOCK, Port USB, télécommande) Noir",Hama,"199,17 €",1,,,,
B000N8UX88,"Hama Trépied Appareil Photo Star 20""",Hama,"196,36 €",27,"196,36 €","93,35 €",27,
B0B638RFP2,"Hama Radio numérique DIR3200SBT (Spotify, WLAN/LAN/Dab + / FM, écran Couleur, Fonction USB, réveil et Diffusion Wi-FI, multiroom, télécommande, Application de Radio Gratuite) Noir",Hama,"186,50 €",2,"92,91 €","70,00 €",1,
B00005QFAY,"Hama Étuis à négatifs, Papier Cristal, 7 Bandes de 6 négatifs, 24x36cm, 100 pièces",Hama,"186,21 €",8,"266,62 €","172,81 €",11,
B006JNYP3K,"Hama Cadre photo en plastique Sevilla (taille du Cadre de 29,7 x 42 cm (DIN A3) avec bordure de 9 mm x 17 mm, pour une photo de 18 x 24 cm, verre en polystyrène) Argent Mat",Hama,"169,83 €",17,"79,92 €","46,24 €",8,
B07T63BHGL,"Hama Album photo ""Hello Panda"" (pour 200 photos au format 10 x 15 cm, petit album de taille 22,5 x 22 cm, 100 pages blanches, panda, avec emplacement pour CD, élégant) Turquoise/Noir/Blanc",Hama,"164,88 €",18,"183,20 €","137,92 €",20,1
B01N6NQ73J,"Thomson Casque TV avec câble extra long (Casque d'écoute ajustable et rembouré, Cordon 8m, Idéal pour regarder la télé, écouter la musique, contrôle du volume, prise jack 3,5mm+adaptat. 6,35mm) Noir",Thomson,"145,16 €",8,"144,70 €","84,27 €",8,2
B09FBSXVBX,"Hama Commutateurs KVM Connect2Switch, avec câble, 4 Ports, Garantie 10 Ans, Gris",HAMA,"143,28 €",4,,,,
B0002W5WE0,"Hama Boîtier Slim Double (pour DVD, Convient également aux CD et disques Blu-Ray, Ultra Mince, avec Une Feuille pour la Couverture, Lot de 25) Noir/Transparent",Hama,"141,60 €",10,"155,76 €","121,55 €",11,
B00UYZ1O6K,"Hama Support Mural TV Spécial Mur mensardé (pour Diagonale d'écran de 48 cm à 117 cm (19"" - 46""), pour Un Maximum de 20 kg, VESA jusqu'à 200 x 200) Noir",Hama,"139,62 €",4,"139,62 €","89,00 €",4,
B07GCHTZ3B,"Hama Radio numérique DR40BT-PlugIn (Dab/Dab + / FM/Bluetooth/AUX, Radio-réveil intégré, écran rétro-éclairé) Blanc",Hama,"135,96 €",3,"135,96 €","103,50 €",3,
B07SZ3FCZH,"Hama Album photo mémo ""Forest"" (pour 200 photos au format 10 x 15 cm, album traditionnel enfant de 22,5 x 22 cm, 100 pages blanches, animaux, élégant, emplacement CD) Marron/Beige/Vert/Orange/Jaune",Hama,"134,42 €",12,"148,14 €","66,32 €",13,
B00006IVSE,"Hama Feuillets pour CD (avec 60 fiches pour étiquetage, archivage, 10 étuis pour 6 CD/DVD/Blu-Ray, adaptés aux dossiers A4, Format A4, pour Le Rangement) Transparent",Hama,"133,12 €",16,"108,16 €","64,22 €",13,
B000EORX52,"Hama Boîtier Slim (pour CD et disques Blu-Ray, Ultra Mince, avec Une Feuille pour la Couverture, Lot de 25) Transparent",Hama,"131,79 €",9,"149,08 €","103,90 €",10,
B003PFBLOQ,"Hama Horloge murale ""PP-245"" (radio-pilotée DCF, Pendule sans Tic Tac, Numérique, à led, sans fil, avec des piles, Format 24h, Calendrier, Jour, Thermomètre 0°C à +50°C, pause murale ou bureau) Plastique, Noir",Hama,"124,95 €",5,"149,94 €","107,64 €",6,1
B0CNRZ9GWN,"Hama Boîte pour câbles Maxi (Boite Rangement pour Cables chargeurs et multiprises, boitier Cache câbles 40x15,5x13,5cm, Pieds en Caoutchouc) Blanc",Hama,"124,92 €",6,"166,56 €","112,08 €",8,1
B093WSK4SC,"Hama Radio Internet Dab/Dab+ 'DR200BT' (Radio numérique FM/Dab/Dab+ Portable, Haut Parleur Bluetooth Rechargeable USB-C, Ecran Couleur, Entrée AUX, Minuteur, 30 Présélections, 8h d'écoute) Noir",Hama,"123,61 €",3,"123,61 €","103,50 €",3,
B079173RCY,"Hama EMW-500 Souris Verticale Ergonomique Filaire - USB A, Capteur 1800 dpi, Droitier/e - Noire",Hama,"119,60 €",7,"137,75 €","92,50 €",8,
B001E725JM,"Hama Blu-Ray de Nettoyage (pour tête de Lecture, pour éliminer la poussière dans Les lecteurs de Blu-Ray, Blu-Ray de Nettoyage) Blanc/Bleu/Rouge",Hama,"116,62 €",7,"100,46 €","79,56 €",6,
B079PDDSBK,"Hama Mallette (LP 50, Aspect alu, en Aluminium, pour Stocker 50 disques, verrouillable, Boîte de Rangement pour Vinyle, boîtier pour Disque) Noire",Hama,"115,87 €",2,"115,87 €","92,48 €",2,
B001JTV1HW,"Hama Boîtier standard (pour DVD, convient également aux CD et aux Blu-ray, avec film pour l'insertion de la jaquette, lot de 5) Transparent",Hama,"114,77 €",23,"129,74 €","76,96 €",26,1
B00005YVGK,"Pochettes pour 20 Diapositives encadrées de Format 5x5 cm, 25 pièces",Hama,"111,92 €",6,"169,58 €","69,78 €",9,
B0C5JQPC2P,"Classeur avec mécanisme à 4 anneaux, larg. 70 mm, avec étui, noir/gris",Hama,"109,92 €",6,"54,96 €","35,40 €",3,
B0000AI2JY,"Hama Cadre photo en plastique Sevilla (taille du Cadre de 50 x 60 cm avec bordure de 13 mm x 20 mm, pour une photo de 30 x 40 cm) Noir",Hama,"109,92 €",6,"164,88 €","97,87 €",9,1
B06X9NRXV9,"Hama Album photo vierge ""Lazise"" (album photo traditionnel 29 cm x 32 cm, 50 pages blanches, pour 250 photos 10 cm x 15 cm, format maximum 28 cm x 31 cm) Doré/Blanc",Hama,"109,20 €",6,"109,42 €","55,89 €",6,1
B001F536FK,"THOMSON Casque Audio Filaire (Casque Stéréo Filaire Jack, Réglable, Supra-aural, Ultra-léger, 54g, Coussinets 27mm, 95dB, Cable 1.3m, idéal PC Smartphone Mac Tablette Ordinateur) Noir",Thomson,"105,80 €",11,"105,80 €","57,20 €",11,
B00RLNC8UY,"Hama Album photo ""Tim"" (pour 200 photos au format 10 x 15 cm, petit album de taille 22,5 x 22,5 cm, album photo bébé de 100 pages blanches, ciel, élégant, pour garçons, enfants, bébés) Bleu",Hama,"105,03 €",9,"116,70 €","57,90 €",10,
B000BGFJI6,"Hama Carte mémoire Photo (SD pour Photo/Classe 4, 2 GB - 10 MB/s) Bleu",Hama,"104,94 €",13,"128,70 €","82,40 €",16,
B001F4ZWDK,"Hama Pochettes en polypropylène pour CD/DVD, paquet de 75, Transparent",Hama,"104,86 €",14,"82,39 €","51,48 €",11,
B0C6CK8KFG,"Hama Câble Enceinte HiFi (Cable pour enceinte, 10m, Câble Audio pour Enceinte, Câble HP de Haut Parleur en Cuivre pour Hifi et Hifi embarquée, 2 x 0.75 mm²) Transparent",Hama,"102,58 €",20,"82,54 €","66,87 €",16,
B096YFPTBR,"Hama Kit de Nettoyage d'Appareil Photo 4 en 1 ""Optic Dry (Kit de Nettoyage à Sec avec Stylo Lenspen + Chiffon Microfibre + Poire, pour Objectif Photo, Filtre, APN, Caméra Reflex, Jumelle, écran)",Hama,"97,98 €",6,"97,98 €","113,46 €",6,
B000V8QPQ4,"hama hama Câble d'antenne, prise coaxiale 75 db - prise coaxiale 10,0 m",Hama,"97,59 €",9,"75,97 €","28,42 €",7,
B07T4DM8JJ,"Hama Album photos enfant mémo ""Forest"" (livre photo 100 pages à pochettes, 200 photos 10x15 cm, album souvenirs 22,5 x 22 cm, Emplacement CD, Album Motif Renards) Marron/Beige/Vert/Orange/Blanc",Hama,"95,62 €",7,"95,62 €","38,55 €",7,
B00006IVVD,"Hama Rack (pour CD, pour 20 boîtiers CD) Noir",Hama,"95,01 €",6,"49,20 €","25,98 €",3,1
B0000AIRY7,"Hama Cadre en plastique Madrid (taille de cadre de 30 cm x 40 cm, taille de la photo de 20 cm x 28 cm, 1 photo par cadre, à accrocher, élégant, simple, classique) Noir",Hama,"94,92 €",12,"94,92 €","50,04 €",12,
B00005UPC4,"Hama Rack (pour CD, pour 20 boîtiers CD) Gris",Hama,"93,24 €",7,"93,24 €","60,76 €",7,
B00005QFB0,"Hama Étuis à négatifs, papier cristal, 7 bandes de 6 négatifs, 24x36cm, 25 pièces",Hama,"91,60 €",10,"109,92 €","63,72 €",12,
B01KAD4TK8,"Hama Télécommande universelle ""Smart TV"" 4 en 1 (Contrôle 4 Appareils Préprogrammés, TV/DVD/STB/VCR, Télécommande de Remplacement pour Télécommande MultiFonction IR) Noir",Hama,"91,60 €",10,"91,60 €","63,80 €",10,
B01MS2OU9J,"Hama Chambre à air de vélo (Taille de 26"", avec Valve Automatique, Schrader) Noir",Hama,"89,82 €",18,"84,83 €","60,52 €",17,
B08FRHV5D1,"Hama Clé USB 3.0 ""Rotate"" (capacité de 64 GB, taux de transfert de 70 MB/s, avec accroche porte-clefs, flashpen clé usb) Bleu Pétrole",Hama,"88,74 €",12,"88,74 €","66,80 €",12,
B074JDHBXG,"Hama Cadre en Plastique Madrid (Taille de Cadre de 21 cm x 29,7 cm, Taille de la Photo de 15 cm x 20 cm, 1 Photo par Cadre, à accrocher, élégant, Simple, Classique) Noir",Hama,"87,36 €",21,"83,20 €","46,60 €",20,
B0C5JRX9HV,"Hama Multiprise avec Interrupteur 1.4m (6 Prises typeE, Norme NF, interrupteurs général + indiv. éclairés, Protection Surtensions, Montage Mural, Sécurité Enfants, 3680W/16A) Noir",Hama,"86,64 €",4,"151,62 €","118,28 €",7,
B06XBXLK8B,"Hama Album photo ""Lazise"" (couverture souple, 24 pages pour 24 photos au format 10x15 cm, résistant, pour archiver avec des anecdotes, protège la photo, mini album) 4 Motifs cœur aléatoires",Hama,"85,56 €",69,"85,56 €","60,72 €",69,
B08SFG3JH5,"Hama Album photo ""To The Moon"" (Album souvenirs Anniversaires, Baptême, Baby Shower, Idée cadeau, 22.5x22 cm, 100 pages blanches, Zone Mémo, 200 photos 10x15 cm, Insertion latérale) Multicolore",Hama,"85,27 €",5,"67,97 €","35,13 €",4,1
B000FNO03K,"THOMSON Microphone Dynamique M150 (fiche Jack 3,52 mm, Longueur de câble 3 m, Party) Noir",Thomson,"84,96 €",6,"70,80 €","61,95 €",5,
B07T4DLJ4Y,"Hama Album photo Jumbo ""Forest"" (pour 400 photos au format 10 x 15 cm, album traditionnel enfant de 30 x 30 cm, 100 pages blanches, renards, élégant) Marron/Beige/Vert/Orange/Blanc",Hama,"83,23 €",5,"83,23 €","47,75 €",5,
B00006JCUF,"Hama 00030392 Bloc Multiprises à 3 Sorties avec Interrupteur, 1,4 m, Noir",Hama,"82,39 €",11,"82,39 €","42,90 €",11,
B0CP85VQFG,"Xavax 00220734 Raccord de Siphon, Blanc",Xavax,"81,48 €",14,"81,48 €","42,00 €",14,
B01BBTCVOQ,"Hama Album Photo Fine Art (Format 30 x 30 cm, 100 Pages Blanches, sans Spirale) Kiwi",Hama,"79,92 €",6,"79,92 €","49,08 €",6,
B00006IVE7,"Hama Étuis à négatifs, papier cristal, 10 bandes de 4 négatifs, 24x36cm, 25 pièces",Hama,"79,36 €",8,"49,60 €","42,10 €",5,
B01K47CMCM,"Hama Album photo vierge ""La Fleur"" (album photo traditionnel 22,5 cm x 22,5 cm, 100 pages, pour l'insertion de 200 photos au format 10 cm x 15 cm, motif de feuilles, pochette CD) Blanc",Hama,"78,66 €",9,"78,66 €","55,64 €",9,
B000EOVQCS,"Hama Pochettes de Protection Doubles (en Plastique, pour CD/DVD/Blu-Ray, 2 CD par Pochette, Lot de 50) Blanc/Transparent",Hama,"76,32 €",6,"50,88 €","23,44 €",4,
B0CBCMH2BZ,"Hama Multiprise Cube avec Interrupteur (Rallonge multiprise 1.4m, Bloc 3 Prises Terre F Schuko + 2 USB-A + 2 USB-C, 3680W 16A Idéal Bureau Cuisine Salon Atelier Garage PC luminaires Meuble TV) Blanc",Hama,"74,97 €",3,"74,97 €","55,47 €",3,
B078T62G9K,"Hama Souris Optique à 3 Boutons MC-200, Filaire, Blanche",Hama,"74,85 €",15,"74,85 €","55,62 €",15,
B00005UPB7,"Hama Boîtier Standard (pour CD et disques Blu-Ray, Étui Protecteur pour CD, Paquet de 5) Transparent",Hama,"74,85 €",15,"94,81 €","62,70 €",19,
B000Y138NG,"Hama Boîtier CD ""Slim"" en polypropylène, lot de 20, Transparent",Hama,"73,28 €",8,"82,44 €","47,96 €",9,
B0C5JPTNCK,"Classeur avec mécanisme à 4 anneaux, largeur 70 mm, avec étui, blanc",Hama,"73,28 €",4,"73,28 €","51,96 €",4,
B0CLD3CC7D,"Hama Support TV Mural Fixe Ultrafin Garantie 10 Ans (Support TV Mural Extra-Plat, 80kg Max, Robuste, pour écrans LCD/LED/OLED/Plasma de 94 à 229 cm (37"" à 90"") VESA Max 600x400) Gris",Hama,"69,98 €",2,"209,94 €","165,56 €",6,
B01DZGIJ26,"Hama Support mural TV FULLMOTION inclinable et pivotant pour TV écran plat entre 48 cm et 122 cm (19"" à 48""), jusqu'à 20 kg de charge supportée, VESA 200x200, Noir",Hama,"67,41 €",3,"44,00 €","30,20 €",2,
B0032D8WCA,"Hama Album Photo Catania (Taille de l'album 29 x 32 cm pour 300 Photos au Format 10 x 15 cm, 60 Pages, Papier stratifié, thématique Mariage/Vacances, Personnalisable) Gris",Hama,"66,64 €",4,"49,98 €","24,92 €",3,
B000EOPSRM,"Hama Pochette (pour 40 CD/DVD/Blu-Ray, classeur de Rangement, Gain de Place pour Le Bureau, Le Salon et la Maison, étuis de Transport) Noir",Hama,"66,56 €",8,"66,56 €","45,04 €",8,
B00AJKQ4YC,"Hama 2 Pieds Enceintes Universels (Supports Haut-Parleur, Hauteur réglable Max. 123 cm, antidérapant, Charge Max. 5 kg/Pied, câbles cachés, Haut-parleurs Hi-FI/Stéréo/Home Cinema) Noir",Hama,"65,83 €",1,,,,
B000EORX5W,"Hama 00033833 Pochette, Noir (pour 120 CD/DVD/Blu-ray, classeur de rangement, gain de place pour le bureau, le salon et la maison, étuis de transport)",Hama,"65,48 €",4,"120,23 €","62,23 €",7,
B005DJKFUS,"Hama Album Photo Singo (Album Grand Format, 30 x 30 cm, 100 Pages, pour 400 Photos au Format 10 x 15 cm) Aqua",Hama,"63,10 €",5,"63,10 €","29,30 €",5,
B00RLNCZ52,"Hama Album photo ""Moni"" (pour 200 photos au format 10 x 15 cm, album photo bébé de 100 pages blanches, ciel, élégant, pour filles, enfants, bébés) Rose, petit album de taille 22,5 x 22,5 cm",Hama,"63,05 €",5,"63,05 €","30,70 €",5,
B00006JA17,"Hama Étuis à négatifs, Papier Cristal, 4 Bandes de 3 négatifs, 6X7 cm pour 3 negatif et jusqu'a 6 X 9 cm pour 2 negatif, 100 pièces",Hama,"62,46 €",3,"62,46 €","47,13 €",3,
B0BL1H5S5W,"Hama Ecouteurs sans Fil Tour du Cou Freedom Run (Casque Bluetooth Intra-Auriculaires Tour d'oreille avec Micro, 6h d'autonomie, Idéal Sport, Course, Vélo, Gym, Contrôle Vocal) Noir",Hama,"62,45 €",5,"49,96 €","59,20 €",4,
B0000AIRSL,"Hama Cadre photo Clip-Fixe (sans bordure, 50 x 60 cm, Reflex) Blanc",Hama,"62,45 €",5,"62,45 €","33,45 €",5,
B0000AHICV,"Hama Boîtier CD/DVD Slim (lot de 10 boitiers standards vierges pour CD/DVD et disques Blu-ray, ultra plat) Noir/Transparent",Hama,"61,22 €",6,"84,74 €","30,15 €",9,
B07TYWBSZN,"Hama Album photo Jumbo ""Forest"" (pour 400 photos au format 10 x 15 cm, album traditionnel enfant de 30 x 30 cm, 100 pages blanches, animaux, élégant) Marron/Beige/Vert/Orange/Jaune",Hama,"61,14 €",3,"61,14 €","25,56 €",3,1
B0000AHIIZ,"Hama Cadre photo Clip-Fixe (sans bordure, 15 x 21 cm, Reflex) Blanc",Hama,"59,76 €",24,"82,17 €","42,28 €",33,1
B0009V6OBO,"Hama Pochettes de Protection (en Papier pour CD/DVD/Blu-Ray, Lot de 100) Blanc/Transparent",Hama,"59,40 €",7,"37,56 €","19,90 €",5,
B0009V8VAQ,"Hama Etui pour Lecteur et CD (pour Lecteur CD, pour Discman, 3 CD, avec Sortie de câble et Boucle de Ceinture) Noir/Bleu",Hama,"58,93 €",6,"70,65 €","35,77 €",7,1
B0000WXD16,"Hama Trépied Appareil Photo 160cm Star 62"" avec étui de Transport (Trépied Télescopique Aluminium, Tête 3 Voies 3D, Attache Rapide fournie, Niveaux à Bulles intégrés) Beige",Hama,"58,16 €",2,"58,16 €","46,72 €",2,
B005GCMZD2,"Hama Album photo à pochettes ""Singo"" (couverture souple, pour 24 photos au format 18x13 cm, résistant, protège la photo) Couleur aléatoire parmi Orange, Vert, Bleu et rose",Hama,"57,96 €",28,"49,68 €","35,04 €",24,
B0BRL62B16,"Hama Multiprise Etanche 2 Prises 16A avec Interrupteur (Multiprise Extérieur Rallonge 2m, Bloc 2 Prises étanches IP44 avec Couvercle, Type F Schuko, 3680W, Idéal Jardin Garage Atelier Chantier) Noir",Hama,"56,29 €",3,"74,28 €","45,20 €",4,
B071VWLNZB,"Hama 00137234 Alimentation pour PC",Hama,"55,82 €",3,"94,98 €","51,80 €",5,
B00292AZN4,"Hama Cadre photo Clip-Fixe (sans bordure, 30 x 40 cm, Reflex) Blanc",Hama,"55,80 €",5,"32,98 €","9,57 €",3,1
B003O5MK7E,"Hama Passe-partout Premium, noir, 40 x 50 cm pour photo de 30 x 40 cm",Hama,"55,37 €",7,"63,28 €","38,61 €",8,2
B07SHMY2ZM,"Hama Horloge Murale PP-245 (Radio-pilotée DCF, Pendule sans tic tac, numérique, à LED, sans Fil, avec Piles, Format 24h, Calendrier, Jour, thermomètre 0°C à -50°C, Pause Murale ou Bureau) Noir",Hama,"54,98 €",2,"54,98 €","43,36 €",2,
B09N9TH54H,"Xavax Égouttoir Porte Bouteilles (Support d'égouttage jusqu'à 6 Bouteilles, Pots, biberons Verres Tasses ou Mugs, Egouttoir Compact et Design, idéal sodastream, air-up, Avent, Philips) Noir",Xavax,"54,96 €",3,"54,96 €","25,65 €",3,
B0017UGOX4,"Hama Passe-Partout (Premium, Dimensions : Extérieur : 30 cm x 40 cm/Intérieur : 20 cm x 27 cm) Blanc Arctique",Hama,"54,89 €",11,"64,87 €","36,79 €",13,
B00006JCRV,"Hama Boîtier Standard Double (pour CD et disques Blu-Ray, Étui Protecteur pour CD, Paquet de 5) Noir/Transparent",Hama,"54,84 €",12,"54,84 €","38,64 €",12,
B000S8FNTM,"Hama E 80 Enceintes pour Ordinateur - Système Stéréo 2.0, Haut-Parleurs Alimentés en USB, Connexion Jack 3.5mm, Sortie Casque - Noir",Hama,"53,39 €",4,"39,92 €","27,24 €",3,
B08SDTGVK8,"Hama Album Photo Livre bébé ""My Little Me"" à personnaliser (Album photo naissance, baptême, Cadeau d'anniversaire enfant, Idéal scrapbooking, 29x32cm, 60 Pages, Max. 300 Photos 10x15 cm) Multicolore",Hama,"53,28 €",4,"66,60 €","39,95 €",5,
B00SL6I214,"Hama Album, Bleu, 30 x 30 cm",Hama,"53,28 €",4,"106,56 €","71,84 €",8,
B0BXPLLW89,"Hama Classeur à négatifs (4 anneaux, niveau de remplissage 39 mm, feuilles rectangulaires, album à négatifs d'une pellicule photo, housse de protection) Noir",Hama,"53,24 €",4,"53,24 €","24,60 €",4,
B08SDYYDL2,"Hama Album mémo « Stamps » à personnaliser (Album souvenirs de famille ou de voyage, idéal cadeau et scrapbooking, 22x22,5 cm, album livre 100 Pages, Max : 200 Photos 10x15 cm) Multicolore",Hama,"52,44 €",6,"43,70 €","34,72 €",5,
B08SDTPYQP,"Hama Mini Trépied de Table Pocket II Rotation (trépied avec Support Smartphone iPhone/Samsung/GoPro, Rotatif, inclinable Paysage Portrait, idéal Voyage, Pas de vis de 1/4"") Noir",Hama,"51,94 €",7,"51,94 €","62,02 €",7,1
B09RC7QDPM,"Hama Album photo ""Skies II"" (Album Elégant et Intemporel, Idéal mariage, anniversaire, baptême, 22,5 x 22 cm, 100 pages avec pochettes pour 200 photos 10x15 cm, Zone Mémo et pochette carte SD) Gris",Hama,"51,27 €",5,"68,75 €","49,70 €",7,
B00005YVI3,"Hama Étuis à négatifs, polypropylène, 7 bandes de 6 négatifs, 24x36cm, 100 pièces",Hama,"51,22 €",1,"51,22 €","29,12 €",1,
B078T54CLX,"Hama Souris Optique à 3 Boutons MC-200, Filaire, Noire",Hama,"51,00 €",9,"51,00 €","31,41 €",9,
B01BBTCVKA,"Hama Album Photo ""Fine Art"" (format 30 x 30 cm, 100 pages blanches, sans spirale) Malibu",Hama,"50,25 €",3,"50,25 €","26,46 €",3,
B0BL1T1R5Y,"Hama Casque TV ShellTV (Casque Circum-Auriculaire Stéréo, idéal télé, câble Extra Long 6m, Jack 3.52mm mâle, Adaptateur Jack 6.35mm mâle Inclus, 20 Hz-20 kHz, 32 ohms, 113 DB/MW) Noir",Hama,"49,98 €",3,"49,98 €","38,87 €",3,
B0CKJ46BFN,"Xavax Porte-capsules de café pour Tassimo (Distributeur de capsules à café, Support Rangement pour 26 capsules, Présentoir à Capsules Tassimo) Noir mat",Xavax,"49,98 €",3,"66,64 €","45,76 €",4,
B0000AIRRQ,"Hama Cadre photo ""Clip-Fixe"" (sans bordure, 50 x 70 cm, Reflex) Blanc",Hama,"49,98 €",3,"33,32 €","15,92 €",2,
B0CNRWZGY8,"Hama Boîte de Rangement Câbles 'Maxi' (Cache câbles, pour Bureau, Maison, Rangement Chargeurs, Multiprises, Disques durs, 40.0x15.5x13.8cm) Blanc",Hama,"49,98 €",2,"49,98 €","36,88 €",2,
B0002VFL1U,"Hama Pochettes pour CD-ROM/DVD-ROM (Pochettes CD Plastique, Pochette de Protection colorées, Lot de 100, Multicolore) Bleu/Orange/Violet/Rose/Vert",Hama,"49,96 €",4,"62,45 €","40,50 €",5,
B0000AISCX,"Hama Cadre Photo Clip-Fixe (sans Bordure, 30 X 45 Cm, Anti-Reflex) Blanc",Hama,"49,92 €",6,"24,96 €","13,38 €",3,
B0000AISDG,"Hama Passe-partout (premium, dimensions : Extérieur : 40 cm x 50 cm / Intérieur : 28 cm x 35 cm) Blanc Arctique",Hama,"49,92 €",8,"56,16 €","35,73 €",9,
B00006J9WN,"Hama Boîtier Multipack (pour 4 CD/DVD/Blu-Ray, Multipack, 4 in 1, étui de Protection pour CD) Noir/Transparent",Hama,"49,80 €",15,"53,12 €","30,40 €",16,
B00X5K84ZK,"Hama Album photo à pochettes ""New York City"" (pour 400 photos au format 10 cm x 15cm, taille de l'album de 25 cm x 34 cm, 100 pages, en cuir, protège les photos et les documents) Noir",Hama,"49,14 €",2,"73,71 €","38,98 €",3,
B000TCQPWG,"Hama Boîtier Slim (pour CD et disques Blu-ray, ultra mince, avec une feuille pour la couverture, lot de 20) Noir/Transparent",Hama,"47,85 €",5,"28,71 €","20,16 €",3,
B0BL1VM36X,"Hama Support Telephone Voiture Induction 10W FC10 Motion (QI-Charge, Chargeur Induction Voiture sans Fil, Ultra Rapide) Argenté/Noir",Hama,"47,49 €",1,"47,49 €","38,22 €",1,
B0009V6OCS,"Hama Boîtier Slim (pour CD et disques Blu-ray, ultra mince, avec une feuille pour la couverture, lot de 25) Noir/Transparent",Hama,"46,64 €",4,"46,64 €","27,56 €",4,
B0000AISF4,"Cadre tableau sans bordure Clip-Fix 30x40 antireflet",Hama,"46,62 €",7,"46,62 €","30,44 €",7,1
B071YB8MFM,"Xavax Boîte de transport pour un gâteau (rectangulaire munie d'une poignée transparente, va au lave-vaisselle, boîte à gâteaux, maître d'hôtel) Anthracite/Transparent",xavax,"44,98 €",2,"44,98 €","28,24 €",2,
B01IW9057S,"Hama Album photo traditionnel ""Rustico"" (album mémo, album de 22,5 x 22,5 cm, 100 pages blanches, 200 photos au format 10x15, idéal pour le scrapbooking, insertion des photos) Love Key",Hama,"44,54 €",3,"59,47 €","22,24 €",4,
B0000AI2XV,"Hama Cadre-galerie photo en plastique Madrid (taille de cadre de 25 cm x 55 cm, taille de la photo de 13 cm x 18 cm, 3 photos par cadre, à accrocher, élégant, simple, classique) Noir",Hama,"43,28 €",4,"43,28 €","29,82 €",4,
B018VONYPY,"Hama Sonic Mobil 183 Enceintes pour Ordinateur - Système Stéréo 2.0, Haut-Parleurs Alimentés en USB, Connexion Jack 3.5mm - Noir/Rouge",Hama,"41,98 €",4,"51,55 €","34,16 €",5,
B0050GRN2W,"Hama Pochette Up To Fashion (pour 48 disques, CD/DVD/Blu-ray/livres audio, étui de rangement, gain de place pour la voiture, la maison, avec motif papillon) Rose",Hama,"41,14 €",4,"22,82 €","13,18 €",2,
B07K2RD3MZ,"Hama Clé USB Rotate 8 GB, 10 MB/s, avec accroche porte-clés, flashpen, emballage fin Noir/Argent",Hama,"39,92 €",8,"54,89 €","57,53 €",11,
B001730SIS,"Etui Fashion pour Sticks USB, Noir",Hama,"39,92 €",8,"49,90 €","48,90 €",10,
B000N94K22,"Hama Pochette (pour 64 CD/DVD/Blu-ray, classeur de rangement, gain de place pour le bureau, le salon et la maison, étuis de transport) Noir",Hama,"39,87 €",3,"26,54 €","12,62 €",2,
B0000AIRXA,"Hama Cadre photo en plastique Décor Sevilla (taille du Cadre de 30 x 40 cm avec bordure de 9 mm x 17 mm, pour une photo de 20 x 28 cm) Argent Mat",Hama,"39,83 €",4,"31,92 €","17,43 €",3,
B0CYQB5JYH,"Hama Émetteur Recepteur Bluetooth Link.it Duo pour TV Stéréo Ecran Audio Video, Adaptateur Bluetooth Multipoint pour 2 Sources, Faible Latence, USB-C, Jack, Fibre Optique Noir",Hama,"39,72 €",1,"39,72 €","32,22 €",1,
B01K47HIEY,"Hama Album photo ""Skies"" (album grand format, 22,5 x 22 cm, 100 pages, pour 200 photos au format 10 x 15 cm) Gris",Hama,"39,60 €",4,"40,26 €","21,82 €",4,
B0CKMSPK2N,"Hama Greenlight-Pointer Télécommande Pointeur Laser - 4 en 1, Laser Vert, sans Fil 2.4 GHz - pour présentation Powerpoint - Noir",Hama,"38,34 €",1,"38,34 €","28,50 €",1,
B0BL1T6XLZ,"Hama Câble Multi USB Lightning (Cable de charge multi, 3en1, USB-A/micro-USB/USB-C, Lightning, 1 m, Certifié MFI, Câble USB universel iPhones iPads iPods Samsung Galaxy, Huawei, Xiaomi) Blanc",Hama,"38,32 €",2,"38,32 €","26,92 €",2,
B07TM7WRZY,"Hama Elegance Horloge Murale à Quartz Cercle Gris, Argent - Horloges murales (AA Mignon, Gris, Argent, Plastique, Verre, 45 mm, 495 g)",Hama,"38,32 €",2,"19,16 €","13,68 €",1,
B00006J6HP,"Hama Casier de rangement Spirit II (système de classement sur socle pour CD, pour 44 boîtiers CD, porte-CD pour le rangement, organisateur antidérapant) Noir",Hama,"38,30 €",2,"95,75 €","40,85 €",5,3
B00A44OC0G,"Hama Barre Multiprise 6 Prises avec Interrupteur Et Sécurité Enfant Cble Blanc 5 M",Hama,"38,22 €",2,"122,84 €","73,64 €",7,
B0CYN97SRK,"Hama 65W Chargeur Rapide Compatible iPhone, Samsung, MacBook - [Technologie GaN, PD + QC 3.0] [Recharge Optimisée] [3 Ports] Blanc",Hama,"37,25 €",1,"37,25 €","32,19 €",1,
B0BL1SS1WK,"Hama MW-300 V2 Souris sans Fil - Technologie 2.4Ghz, Capteur 1600 dpi, Clics Silencieux, Ambidextre - Noire",Hama,"36,64 €",4,"36,64 €","31,72 €",4,
B0BHZD1NNZ,"Hama Multiprise avec Interrupteur (Bloc 4 Prises Schuko 16A, Interrupteur Individuel éclairé, idéal économie d'énergie, Prises à 90°, œillet Suspension integré, 3680W, Cable 1.4m H05VV-F) Noir",Hama,"36,64 €",2,"54,96 €","37,50 €",3,
B07KWC3KMG,"Rapoo Souris optique sans fil Multi mode 2,4GHz/BT 3.0/BT 4.0 ""M500"" (bluetooth, souris d'ordinateur, design, avec boutons et molette de défilement) Noir",Rapoo,"36,64 €",2,,,,
B01NCK7ZL3,"Hama Album Photo Fine Art (Format 30 x 30 cm, 100 Pages Noires, sans Spirale) Craie",Hama,"36,20 €",2,"36,20 €","19,76 €",2,
B001B4ROAS,"Hama Boîtier Slim (pour CD et disques Blu-ray, ultra mince, avec une feuille pour la couverture, lot de 20) Transparent",Hama,"34,98 €",3,"34,98 €","25,20 €",3,
B071ZVN9LP,"Hama Albums photos ""Designline"" (couverture souple, 24 pages pour 24 photos au format 10x15 cm par album, résistant, pour archiver avec des anecdotes, protège la photo, mini album) Multicolore",Hama,"34,50 €",6,"36,98 €","7,04 €",8,2
B08SDR1ZTM,"Hama Album photo grand format ""Compass"" (Album souvenirs Voyages, Vacances, Famille, Idée cadeau, 30x30 cm, 100 pages blanches à personnaliser et à coller, 400 photos 10x15 cm) Multicolore",Hama,"33,84 €",2,"67,68 €","29,60 €",4,1
B00006JALB,"Hama Pinceau de Nettoyage pour Objectif (Lenspen) (pour Le Nettoyage des lentilles et des filtres, 12,5 cm de Long, Lenspen) Noir/Rouge",Hama,"33,81 €",3,"56,35 €","33,09 €",5,
B005DJKH1A,"Hama Album Photo ""Singo"" (album minimax, 22 x 22,5 cm, 100 pages, pour 200 photos au format 10 x 15 cm) Aqua",Hama,"33,77 €",3,"33,77 €","16,20 €",3,
B000JIA7YW,"Hama Boîtier Standard (pour 6 DVD, Convient également aux CD et disques Blu-Ray, avec Film pour l'insertion de la Jaquette, Lot de 3) Noir",Hama,"33,66 €",3,"22,42 €","9,60 €",2,
B0BXPL8MG9,"Hama Classeur à négatifs (4 anneaux, niveau de remplissage 39 mm, feuilles rectangulaires, album à négatifs d'une pellicule photo) Jaune",Hama,"33,28 €",4,"8,32 €","6,15 €",1,
B000IH1W20,"Hama Lecteur USB 2.0 ""35en1"" (USB, lecteur cartes multiples, Lecteur de carte SD, SDHC, SDXC, Type I / II CF, MMC) Bleu",Hama,"32,46 €",3,"43,28 €","26,00 €",4,
B009HSQ3ES,"Hama Album Photo ""Fine Art"" (format 36 x 32 cm, 50 pages noires, à spirale) Turquoise",Hama,"32,36 €",2,"48,54 €","25,35 €",3,1
B00F955SDU,"Hama Antenne intérieure (antenne radio pour l'amplification du signal actif jusqu'à 30 dB, puissance de l'amplificateur réglable, hauteur de 31 cm, DAB/DAB+, en long) Noir",Hama,"31,66 €",1,"31,66 €","18,10 €",1,
B003TKD3YS,"Hama Chemin de câbles (bande en aluminium pour montage mural TV ou au sol, cache-câble demi-rond, 110 x 3,3 x 1,8 cm, entrée de câble jusqu'à 5 câbles, matériel de montage compris) Gris",Hama,"31,64 €",2,"31,64 €","19,64 €",2,
B07KWF2WPL,"Rapoo Souris optique sans fil Multi mode 2,4GHz/BT 3.0/BT 4.0 ""M300"" (bluetooth, souris d'ordinateur, design, avec boutons et molette de défilement) Gris foncé",Rapoo,"31,64 €",2,"31,64 €","22,20 €",2,
B00W5C0BRS,"Hama Casque Stéréo HK-229 (Casque Audio Supra-Auriculaire pour Lecteur mp3, iPod, Bande passante de 20 Hz - 20 kHz, Jack 3,52mm mâle, câble uni-latéral de 1,5 m, Ajustable et léger) Noir/Gris",Hama,"30,99 €",2,"30,99 €","21,20 €",2,
B0CP86Q49Q,"Hama Antenne intérieure (Antenne Réception Radio Numérique (Dab/Dab+) et Analogique FM, Amplification du Signal Actif jusqu'à 30 DB, Cäble 1.5m, Fiche F mâle, Alim Secteur) Noir",Hama,"30,82 €",1,"61,64 €","48,70 €",2,
B08BX81WZN,"Black Rock Coque pour iPhone 12/12 Pro Robust Real Carbon [Housse Technologie Active Air] [Coque Protection Moléculaire] - Noir","Black Rock","30,82 €",1,"30,82 €","20,74 €",1,
B0000AI2T9,"Hama Cadre photo en plastique ""Sevilla"" (taille du Cadre de 40 x 60 cm avec bordure de 13 mm x 20 mm, pour une photo de 30 x 45 cm) Blanc",Hama,"30,82 €",2,,,,
B001UBGSZE,"Hama Album Photo Fine Art (Format 36 x 32 cm, 50 Pages Noires, à Spirale) Lilas",Hama,"29,98 €",2,"59,96 €","34,12 €",4,
B00IYX10YA,"Hama Cadre photo en plastique Sevilla (taille du Cadre de 29,7 x 42 cm (DIN A3) avec bordure de 9 mm x 17 mm, pour une photo de 18 x 24 cm, verre en polystyrène) Bleu",Hama,"29,97 €",3,"29,97 €","15,30 €",3,
B07PHQ17NW,"Hama Album à Spirale 'Watercolor Moments', 28 x 24 cm, 50 Pages Blanches",Hama,"29,96 €",4,"29,96 €","18,72 €",4,
B00005UPBH,"Hama Boîtier standard double (pour CD et disques Blu-Ray, Étui protecteur pour CD, paquet de 5) Transparent",Hama,"29,94 €",6,"59,88 €","42,12 €",12,3
B0000AHIED,"Hama Cadre Photo Clip-Fixe (sans Bordure, 20 x 20 cm, Reflex) Blanc",Hama,"29,88 €",9,"29,88 €","19,44 €",9,
B000EOPSRC,"Hama Pochette (pour 20 CD/DVD/Blu-ray, classeur de rangement, gain de place pour le bureau, le salon et la maison, étuis de transport) Noir",Hama,"29,76 €",3,"29,76 €","11,94 €",3,
B077ZGYBZS,"Hama Stylet ""Active Fineline"" pour écrans tactiles (universel, pour tablettes/smartphones/GPS, utilisation facile, stylet de 116 mm, pour Samsung, Apple, Huawei, Xiaomi, LG, Sony) Noir",Hama,"28,74 €",1,"28,74 €","20,88 €",1,
B07PSPRGMT,"THOMSON Casque TV HQ HED4508 (câble Extra Long de 8 m, Casque stéréo pour TV, réglage du Volume séparé, Embout Filaire, Prise 3,5 mm avec Adaptateur de 6,35 mm) Noir",Thomson,"28,64 €",1,"28,64 €","29,87 €",1,
B00006J4GV,"Hama Multiprise 3 Prises 16A avec Interrupteur (Rallonge multiprises 3m, Bloc 3 Prises Type F Schuko, Idéal Bureau PC luminaires, Atelier, Meuble TV, Garage) Blanc",Hama,"28,56 €",3,"28,33 €","16,80 €",3,
B0CP85387S,"Xavax 00220738 Raccord en Y, Blanc",Xavax,"28,28 €",4,"28,28 €","18,08 €",4,
B08YS22QH1,"Hama Plastifieuse A4 A5 A6 Cartes de Visite (Kit de Plastification 4en1 avec Feuille Film Laminage Thermique ep. Max 80-125 Microns, Plastifieuse à chaud, Règle de coupe, Chauffe rapide) Noir",Hama,"27,72 €",1,"27,72 €","20,58 €",1,
B0BFBZDPBW,"uRage Enceinte PC Gamer LED RVB/RGB Blast-R 200"" (Haut Parleur Ordinateur PC, 5W, Système Dynamique d’Enceinte Gaming Lumineux, Alimentation USB, Jack 3.52mm)",uRage,"27,49 €",1,,,,1
B08SFHZXK6,"Hama Album Jumbo « Stamps » à personnaliser (Album souvenirs de famille ou de voyage, idéal cadeau et scrapbooking, 30x30 cm, album livre 100 Pages, Max : 400 Photos 10x15 cm) Multicolore",Hama,"27,48 €",2,"27,48 €","17,54 €",2,
B00006JDOB,"Hama Étuis pour 20 diapositives avec cadre au format 5 x 5 cm (12 pièces, 20 glissières) Transparent",Hama,"27,24 €",3,"27,24 €","24,66 €",3,
B09YVGVBH1,"Hama AMW-200 Souris sans Fil - Technologie 2.4Ghz, Capteur 1600 dpi, Technologie Smart-Link, Ambidextre - Noire",Hama,"27,05 €",5,"27,05 €","18,75 €",5,
B07PQHPTSG,"THOMSON Casque TV Stéthoscope HED4408 (câble de 8 m, léger pour Personnes âgées et porteurs de Lunettes, Casque stéréo pour TV, Casque Intra-auriculaire, Prise 3,5 mm, avec Adaptateur 6,35 mm) Noir",Thomson,"26,66 €",1,,,,
B08YRZT1RL,"Hama Hub USB, 4 Ports, USB 2.0, 480 Gbit/s, Métal, Noir",HAMA,"26,64 €",4,"26,64 €","16,31 €",4,
B00006J4G7,"Hama Présentoir de Distributeur de pastilles adhésives (500 coins photos, diamètre de 10 mm, papier/viskose) Transparent",Hama,"26,56 €",8,"29,31 €","18,48 €",8,
B00BYCGMEG,"Hama Album photo vierge ""Livorno"" (album photo traditionnel format 22 cm x 22 cm, pour 200 photos 10 cm x 15 cm, 100 pages, emplacement CD) Bleu/Blanc/Jaune",Hama,"26,22 €",3,"36,97 €","22,51 €",4,
B00006JCWM,"Hama Casier de rangement ""Spirit II"" (système de classement sur socle pour CD, pour 22 boîtiers CD, porte-CD pour le rangement, organisateur antidérapant) Noir",Hama,"26,22 €",3,"26,22 €","18,24 €",3,
B09RCN2PVC,"Hama Album photo ""Skies II"" (Album Elégant et Intemporel, Idéal mariage, anniversaire, baptême, 22,5 x 22 cm, 100 pages avec pochettes pour 200 photos 10x15 cm, Zone Mémo et pochette carte SD) Beige",Hama,"26,22 €",3,"26,22 €","21,30 €",3,
B001UBEV3U,"Hama Album Photo Fine Art (Format 28 x 24 cm, 50 Pages Noires, à Spirale) Gris",Hama,"26,21 €",3,"26,21 €","16,89 €",3,1
B00005KHTB,"Hama Filtre polarisant (circulaire, Traité, 55mm, 2 couches par face) Noir",Hama,"25,56 €",1,,,,
B01K47GSQS,"Hama Album photo ""Skies"" (album grand format, 22,5 x 22 cm, 100 pages, pour 200 photos au format 10 x 15 cm) Beige",Hama,"25,22 €",2,"50,06 €","22,52 €",4,
B0BHWL9GGB,"Hama Multiprise Euro 3 Prises (Distribution Alimentation Slim, Extra Plat, 3 Prises 'Euro' Femelles, 16A, 230V, Max 1700W, câble 2.5m) Blanc",Hama,"25,10 €",2,"25,10 €","11,38 €",2,
B0BHZFGZ5Y,"Hama Casque Audio Shell (Casque Circum-Auriculaire Stéréo, 20 Hz-20 kHz, 32 ohms, 113 DB/MW, Jack 3.52mm mâle, Adaptateur Jack 6.35mm mâle Inclus, câble Extra Long 2 m) Noir",Hama,"24,98 €",2,"24,98 €","20,98 €",2,
B00006JBG4,"Hama Boîtier Standard (pour CD et disques Blu-Ray, Étui Protecteur pour CD, Paquet de 5) Noir/Transparent",Hama,"24,96 €",6,"12,48 €","8,42 €",3,
B079J94XKT,"Xavax Filtre permanent pour machine à café et thé (Ø 12 cm, hauteur 10 cm, maillage en acier inoxydable, réutilisable, va au lave-vaisselle, rechange pour taille 4) Noir",xavax,"24,74 €",2,"36,28 €","15,39 €",3,
B01EG0O104,"Hama Sonic Mobil 185 Enceintes pour Ordinateur - Système Stéréo 2.0, Haut-Parleurs Alimentés en USB, Connexion Jack 3.5mm - Noir/Argent",Hama,"24,62 €",2,"24,62 €","18,50 €",2,
B01K47G2W8,"Hama Album Jumbo ""Skies"" (album grand format, 30 x 30 cm, 60 pages, pour 240 photos au format 10 x 15 cm) Beige",Hama,"24,14 €",2,"24,14 €","11,80 €",2,
B000K985GC,"Hama Boîtier Standard (pour DVD, Convient également aux CD et aux Blu-Ray, avec Film pour l'insertion de la Jaquette, Lot de 30) Noir",Hama,"23,32 €",1,"23,32 €","14,02 €",1,
B0000AIRVB,"Hama Cadre photo ""Clip-Fixe"" (sans bordure, 40 x 50 cm, Anti-Reflex) Blanc",Hama,"23,32 €",2,"11,66 €","7,04 €",1,
B0000AIRXI,"Hama Plaque de Fixation Rapide pour Appareil Photo (Plaque d'attache Rapide pour appareils Photo avec Filetage 1/4"" (6,4 mm), Adaptateur tête de trépied Star 55 à 64"",""Gamma 153"", ""Action 165"") Noir",Hama,"23,23 €",4,"46,56 €","37,71 €",8,
B00006JB4M,"Hama Filtre UV (anti-UV et protection, compensation 2X, traitement antireflet, pour objectifs d'appareils photo 77 mm, O-Haze, traité) Noir",Hama,"23,16 €",2,"23,16 €","20,10 €",2,
B01KHD5GUS,"Hama Multiprise, ""6+1"" (commutable individuellement, avec protection anti-surtension, montage mural, pivotée à 90°, longueur de douille XL, protection enfant, longueur de câble de 1,4 m) Blanc",Hama,"23,05 €",1,"23,05 €","15,33 €",1,
B00006JDOZ,"Hama Filtre UV (Anti-UV et Protection, Compensation 2X, Traitement antireflet, pour objectifs d'appareils Photo 52 mm, O-Haze, traité) Noir",Hama,"23,00 €",4,"28,75 €","22,65 €",5,
B0845FCYVX,"Hama EMW-500L Souris Verticale Ergonomique sans Fil - Technologie 2.4Ghz, Capteur 1800 dpi, Technologie Smart-Link, Gaucher/e - Noire",Hama,"22,49 €",1,"22,49 €","16,55 €",1,
B079175GWR,"Hama Souris Ergonomique sans Fil (Souris Verticale sans câble pour droitiers, Souris sans Fil sans Fil avec capteur Optique 1000/1400/1800 dpi) Noire, Prise USB Type-A, Pile AA Mignon",Hama,"22,49 €",1,"44,98 €","33,05 €",2,
B000EOVQIW,"Hama Pochette (pour 160 CD/DVD/Blu-ray, classeur de rangement, gain de place pour le bureau, le salon et la maison, étuis de transport) Noir",Hama,"22,49 €",1,"22,49 €","15,69 €",1,
B00T7M8Y6E,"Hama Album photo à pochette minimax ""New York City"" (pour 100 photos au format 10 cm x 15cm, taille de l'album de 13,5 cm x 17 cm, 100 pages, en cuir, protège les photos et les documents) Noir",Hama,"21,88 €",2,"10,94 €","4,79 €",1,
B0D6CG2629,"Hama Coque pour l'iPhone 15 Pro Extreme Protect [Housse Anti-jaunissement] [Etui D3O®] [Coque Robuste] [Compatible MagSafe] - Transparent",Hama,"21,66 €",1,"21,66 €","19,36 €",1,
B0CLD52FFP,"Hama Support Mural Magnétique pour Apple TV HD (4ème génération)/4K (1ère/2ème/3ème génération) (pour Fixer l'Apple TV Box sur Le Mur ou la TV, Garantie 10ans, Chevilles Fischer et vis VESA) Noir",Hama,"21,64 €",2,"21,64 €","13,42 €",2,
B00T7M9IU0,"Hama Album photo à pochettes ""New York City"" (pour 200 photos au format 9 cm x 13 cm, taille de l'album de 16,5 cm x 21 cm, 100 pages, en cuir, protège les photos et les documents) Noir",Hama,"21,64 €",2,"10,82 €","6,25 €",1,
B0CLYJQ3YY,"Hama Bras articulé de Telephone (Support articulé, Bras Flexible Smartphone Webcam Mirco Tablette eclairage annulaire, Support Universel Inclus, Fixation de Table à vis, Filetage 1/4"", 70cm Max) Noir",Hama,"21,50 €",2,"21,50 €","21,58 €",2,
B09GLDXKYK,"Hama Coque iPhone 13 Pro Compatible MagSafe MagCase Finest Feel Pro pour Apple (Etui magnétique pour Recharge à Induction, Housse Protection Chocs Rayures et saletés, en TPU Mate Soyeuse) Vert",Hama,"21,24 €",1,"21,24 €","15,40 €",1,
B00RWY5ZD4,"Hama Répartiteur triple pour prise allume-cigare (12 V, avec USB, avec écran LED) Noir",Hama,"20,82 €",1,"20,82 €","14,74 €",1,
B0DGLN4233,"Hama Prise Connectée Etanche Matter (IP44, Prise Wifi Alexa Google, App Control, Aucun Hub requis, Prise Exterieure Etanche connectée Programmable) Noir",Hama,"20,82 €",1,"20,82 €","14,21 €",1,1
B074HZZQN4,"Horloge murale ""Easy Learning"" (horloge d'apprentissage analogique, pour enfants, pour apprendre l'heure, cadran d'apprentissage de diamètre 30 cm, silencieu) Blanc",Hama,"20,82 €",1,"20,82 €","12,82 €",1,
B0BL18HRQF,"Hama Support Téléphone Voiture Easy Snap (pour Smartphones d’Une Largeur de 5,5 à 8,5 cm, Support à Ventouse, pivotable 360°) Noir",Hama,"20,82 €",1,"20,82 €","14,82 €",1,
B07623M7YQ,"Hama Multiprise 4 Prises 16A avec Interrupteur individuel (Rallonge multiprises 1.4m, Bloc 4 prises Type F Schuko, Idéal Bureau PC luminaires, Atelier, Meuble TV, Garage )Noir",Hama,"20,41 €",1,"20,41 €","10,98 €",1,
B0DGLLJVTZ,"Hama Prise Connectée Wifi Matter (Mesure la Consommation Eléctrique, Prise Wifi Alexa/Google, App Control, 16A 3680W, Aucun Hub requis, Programmez & Controlez vos appareils à distance) Blanc",Hama,"20,39 €",1,"20,39 €","13,21 €",1,
B009GVKQ5I,"Hama Multiprise 5 Prises 16A avec Interrupteur (Rallonge multiprises 1.4m, Bloc 5 Prises Type F Schuko, 3500W Max, Idéal Bureau PC luminaires, Atelier, Meuble TV, Garage) Blanc",Hama,"19,98 €",2,"19,98 €","10,98 €",2,
B0019DPZPC,"Hama 29308 Présentoir de Distributeur de pastilles adhésives, Transparent (1 distributeurs, 1000 coins photos, 12 x 13 mm)",Hama,"19,92 €",6,"19,92 €","13,86 €",6,
B00005QFAZ,"Hama Étuis à négatifs (Lot de 25 Pochettes Rangement Diapos/Negatifs Photo, pour Classeurs à Anneaux, 4 Bandes/Feuille, en Papier Cristal)",Hama,"19,84 €",2,"19,84 €","16,44 €",2,
B07BBKMKJH,"Hama Cadre pour Vinyles (pour Pochette de 33 Tours, Aluminium, 31,5 x 31,5 cm) Noir",Hama,"19,57 €",1,"39,14 €","27,78 €",2,
B08YS1PZWL,"Hama Adaptateur Jack 6.35 vers 3.5 Garantie 10 Ans (Adaptateur Audio 6.35mm Mâle vers 3.5mm Femelle, Stéréo, Prise Casque, Audio Connecteur Stéréo pour Mélangeur Audio/Piano électrique/Clavier) Noir",Hama,"19,32 €",4,"19,32 €","7,20 €",4,
B0000AIRTH,"Hama Cadre photo en plastique ""Décor Sevilla"" (taille du Cadre de 30 x 45 cm avec bordure de 9 mm x 17 mm, pour une photo de 20 x 30 cm) Or Mat",Hama,"19,14 €",2,"19,14 €","13,00 €",2,
B0009N8L5O,"Trépied Appareil Photo Star 20""",Hama,"19,08 €",1,"19,08 €","14,78 €",1,
B01LRD3YUG,"Black Rock Coque 'Air' (pour Apple iPhone 6S/7/8 Plus, protection parfaite, design mince, en polycarbonate, polyurethane termoplastique (PUT)) Noir","Black Rock","18,76 €",2,"18,76 €","23,38 €",2,
B0000AISEE,"Hama Cadre photo ""Clip-Fixe"" (sans bordure, 30 x 30 cm, Anti-Reflex) Blanc",Hama,"18,72 €",3,"18,72 €","13,14 €",3,
B00CRB69MI,"Hama Support de télécommande Major (pour 4 télécommandes au maximum, également pour rangement de lunettes, smartphones, contrôleurs, clés USB, porte-télécommande) Noir",Hama,"18,57 €",1,,,,
B0BLZ1RZKG,"Hama Multiprise avec Interrupteur (Bloc 4 Prises Schuko 16A, Interrupteur Individuel éclairé, idéal économie d'énergie, Prises à 90°, œillet Suspension integré, 3680W, Cable 1.4m H05VV-F) Blanc",Hama,"18,32 €",1,"18,32 €","12,50 €",1,
B0DTTL7517,"Hama Coque pour Samsung Galaxy S25+ Extreme Protect [Housse Anti-jaunissement] [Etui D3O®] [Coque Robuste] - Noir",Hama,"18,32 €",1,"18,32 €","16,48 €",1,
B000XA2YM4,"Xavax Amortisseur de vibrations (pour laveuse, sécheuse et lave-vaisselle, diamètre intérieur 4,5 cm, Jeu de 4) Blanc",xavax,"18,32 €",2,"18,32 €","10,76 €",2,
B003LTLSFS,"Hama Chemin de câbles (Bande en Aluminium pour Montage Mural TV ou au Sol, Cache-câble Rectangle, 110 x 3,3 x 1,7 cm, entrée de câble jusqu'à 5 câbles, matériel de Montage Compris) Gris",Hama,"18,32 €",1,"18,32 €","11,51 €",1,
B07GVV7N77,"Hama Contact de Porte/fenêtre WiFi (WLAN, sans concentrateur, Contact magnétique, Notification d'alarme sur téléphone Mobile, Compatible IFTTT/Alexa/Google Home, 2,4 GHz, sur Batterie, A +) Blanc",Hama,"18,32 €",1,"18,32 €","13,02 €",1,
B07NH31NL6,"Couvercle Pare-poussière pour Clavier, Transparent",Hama,"18,28 €",4,"4,57 €","3,50 €",1,
B000L9RQJ8,"Hama Adaptateur Cassette Automobile (pour Smartphones, lecteurs MP3/CD, Jack 3,5 mm, Car Cassette Adapter) Noir",Hama,"17,86 €",2,"35,72 €","17,34 €",4,
B0000AISQ8,"Hama Anneaux autocollants pour cadres photo (en métal, 10 pièces, attaches triangulaires, pour coller sur du bois, plastique ou métal) Blanc/Doré",Hama,"17,81 €",3,"11,84 €","5,10 €",2,
B0BL1C6KGC,"Hama Support Téléphone Voiture Magnet (Support téléphone pour Voiture aimanté, pivotable 360°, Fixation par Ruban adhésif 3M, Inclus 2 plaques métaliques) Noir",Hama,"17,74 €",1,"17,74 €","11,84 €",1,
B01K47GUKC,"Hama Album photo vierge ""La Fleur"" (album photo traditionnel 30 cm x 30 cm, 100 pages noires, de 400 photos au format 10 cm x 15 cm, motif de feuilles) Blanc",Hama,"16,66 €",1,"16,66 €","6,49 €",1,
B0CYNHPGLH,"Hama Color 10 - Batterie Externe [Power Bank 10 000mAh] [Batterie Portable USB C Fast Charge], Compatible avec iPhones Samsung et Bien Plus - Rouge",Hama,"16,66 €",1,"16,66 €","14,12 €",1,
B0BTZTVX1B,"Hama Prise Secteur Multiple, Chargeur Multiprises 4en1: 1 Sortie AC, 1 USB-C PD et 2 Ports USB-A, Prise Murale Electrique Compatible avec iPhone/iPad, Idéal pour Chambre Bureau Domicile 16A/4000W",Hama,"16,66 €",1,"16,66 €","13,74 €",1,
B08SFFNZ4D,"Rapoo Clavier et Souris sans Fil X 1800s"" (Pack Kit Clavier Souris sans Fil 2.4GHz, Dongle Nano USB, Autonomie 12mois, Souris Optique 1000DPI, Clavier AZERTY FR, Pavé Numérique, pour PC, Laptop) Noir",Rapoo,"16,66 €",1,"16,66 €","13,87 €",1,
B01AT3Z228,"Xavax Couvercle universel (anneau en silicone pour casseroles/poêles de diamètre 24, 26 ou 28 cm, trou de vapeur, design à bords gradués, verre, va lave-vaisselle, peu encombrant) Noir/Transparent",xavax,"16,66 €",1,"16,66 €","8,79 €",1,
B00X3JFB40,"Hama Support de Casque (Frontal, pour GoPro) Noir",Hama,"16,64 €",2,"33,28 €","25,96 €",4,
B08YRZS5BR,"Hama Hub USB, 4 Ports, USB 2.0, 480 Mbit/s, Métal, Garantie 10 Ans, Blanc",HAMA,"16,64 €",2,"16,64 €","12,42 €",2,
B0BKYL622V,"Hama Power Pack Slim 5HD (Batterie Externe 5 000 mAh, Batterie Portable Charge Rapide, USB 3.0, Power Bank Compatible avec iPhone 14 13 12 11 X Samsung Xiaomi Huawei iPad etc) Blanc",Hama,"16,64 €",2,"58,24 €","68,74 €",7,
B000VRFBM4,"Hama Album Photo ""Fine Art"" (format 36 x 32 cm, 50 pages noires, à spirale) Noir",Hama,"16,62 €",1,"33,24 €","16,35 €",2,
B0009V6OD2,"Hama Boîtier Slim Double (pour CD et disques Blu-Ray, Ultra Mince, avec Une Feuille pour la Couverture, Lot de 25) Transparent",Hama,"16,58 €",1,"16,58 €","11,85 €",1,
B00IZA0RSM,"Thomson Support Mural TV WAB546 (VESA jusqu'à 200x200, Fixe, pour Une Diagonale d´écran de 25 à 117 cm (de 10' à 46')) Noir",Thomson,"16,53 €",1,"16,53 €","8,01 €",1,
B000TSO2AM,"Hama Pochette (pour 104 CD/DVD/Blu-Ray, classeur de Rangement, Gain de Place pour Le Bureau, Le Salon et la Maison, étuis de Transport) Noir",Hama,"16,42 €",1,"16,42 €","7,21 €",1,
B084HYZP7G,"Hama Album Photo ""Fine Art"" (format 30 x 30 cm, 80 pages blanches, sans spirale) Sable",Hama,"16,40 €",1,"32,80 €","14,73 €",2,
B001UBD17C,"Hama Album, Vert Pomme, 36 x 32 cm",Hama,"16,20 €",1,"16,20 €","8,53 €",1,
B009HSQ45G,"Hama Album Photo ""Fine Art"" (format 36 x 32 cm, 50 pages noires, à spirale) Kiwi",Hama,"16,20 €",1,"30,36 €","16,90 €",2,
B00AJJJNLE,"Hama Brosse en fibre carbone pour vos vinyles (nettoyage antistatique des vinyles, brosse pour disques vinyles), noir / argent",Hama,"15,36 €",1,"15,36 €","6,54 €",1,
B000OS1ETO,"Câble d'antenne, Coax mâle - Coax Femelle, 75dB, Blanc, 3,00m",Hama,"15,29 €",3,"15,29 €","4,83 €",3,
B0186CU9A4,"Hama Album Photo ""Fine Art"" (format 29 x 32 cm, 50 pages blanches, sans spirale) Bleu",Hama,"15,24 €",1,"15,24 €","10,19 €",1,
B0186D2GQS,"Hama Album Photo ""Fine Art"" (format 29 x 32 cm, 50 pages blanches, sans spirale) Gris",Hama,"15,24 €",1,"15,24 €","10,19 €",1,
B00005QF9N,"Hama Attache Rapide pour Trépied, Click II (Plateau Rapide Tête de Trépied, Fixation Rapide pour Appareil Photo/Caméscope à Filetage 1/4"" 6.4mm, pour Trépieds Gamma) Noir",Hama,"14,89 €",2,"22,31 €","18,66 €",3,2
B01N4C15H5,"Hama Album Photo Fine Art (Format 30 x 30 cm, 100 Pages Blanches, sans Spirale) Bordeaux",Hama,"14,78 €",1,"14,78 €","8,50 €",1,
B0002W6E56,"Hama 00004133 Trépied Photo/vidéo Star 700 EF Digital, Champagne (Trépied d'entrée de Gamme léger, tête à Trois Voies, 42-125 cm, 3D)",Hama,"14,35 €",1,"14,35 €","12,11 €",1,
B000EOVQIM,"Hama Pochette (pour 80 CD/DVD/Blu-Ray, classeur de Rangement, Gain de Place pour Le Bureau, Le Salon et la Maison, étuis de Transport) Noir",Hama,"14,30 €",1,"14,30 €","8,39 €",1,
B001UBEV4O,"Hama Album, Gris, 36 x 32 cm",Hama,"14,16 €",1,"70,80 €","42,68 €",5,1
B009HSQ4JM,"Hama Album Photo ""Fine Art"" (format 36 x 32 cm, 50 pages noires, à spirale) Azur",Hama,"14,16 €",1,"14,16 €","8,45 €",1,
B0C7VK9TBD,"Hama Album photo Jumbo ""La Souris"" (livre photo album grand format 30x30cm, 80 pages blanches à personnaliser et à coller, album enfant pour 320 photos au format 10 x 15 cm, Motif Souris) Vert",Hama,"14,16 €",1,"14,16 €","10,90 €",1,
B00FQOM5J4,"Horloge murale ""PG-220"", Mécanisme silencieux, Blanc",Hama,"14,16 €",1,"14,16 €","8,96 €",1,
B002ZX98MG,"Hama Boîtier Slim (pour DVD, Convient également aux CD et disques Blu-Ray, Ultra Mince, avec Une Feuille pour la Couverture, Lot de 10) Transparent",Hama,"14,14 €",2,"35,35 €","23,97 €",5,
B0000AISA5,"Hama Cadre en plastique Madrid (taille de cadre de 20 cm x 30 cm, taille de la photo de 13 cm x 18 cm, 1 photo par cadre, à accrocher, élégant, simple, classique) Bleu",Hama,"13,71 €",3,"13,71 €","7,98 €",3,
B00006IVSZ,"Hama Pochette ""Pare-soleil"" (pour véhicule, pour 12 CD/DVD/Blu-Ray) Noir",Hama,"13,37 €",1,"13,37 €","5,14 €",1,
B00DY5BLYW,"Hama Cadre portrait (taille de cadre 21x29,7 cm, taille de photos 21x29,7 cm, acrylique, format vertical, en plastique, 1 photo par cadre, élégant, simple, classique) Gris",Hama,"13,32 €",1,"13,32 €","4,22 €",1,
B0CNGY9DBG,"Xavax Mousseur à lait (Batteur à lait, fouet inox très puissant 14 000 tr/min, Emulsionneur à lait à piles, Fouet Électrique Idéal Café Latte Cappuccino Macchiato Matcha Sauces Blancs d'oeufs) Noir",Xavax,"13,32 €",2,"13,32 €","8,09 €",2,
B0CP84KK4C,"THOMSON Ecouteurs Filaire USB-C pour iPhone 15 / Samsung (écouteurs Intra-Auriculaires filaires avec Micro, Cable 1.2m, Multi Contrôle, Compatible Siri et Google Assistant) Violet",Thomson,"13,32 €",1,"13,32 €","11,00 €",1,
B095CSQVHG,"Hama Lot de Mini-Tournevis 24 en 1 avec Pochette (idéal Petites Réparations Electronique, Manche en Aluminium, 24 Embouts interchangeables, Garantie 10ans) Noir",Hama,"13,32 €",1,"13,32 €","9,80 €",1,
B08YS1T5PZ,"Hama Câble Réseau RJ45 Plat (Câble Ethernet Cat 6a, 10 Gbit/s, U/UTP, 10m, Garantie 10ans, Idéal pour PC, ordinateur portable, téléviseur, console de jeux, routeur, commutateur, hub) Blanc",Hama,"13,32 €",1,"13,32 €","13,04 €",1,
B000VRANHM,"Hama Album, Bleu, 28 x 24 cm",Hama,"13,31 €",1,"13,31 €","5,63 €",1,
B073PGV9QC,"Hama 00124156 Lecteur de Cartes 3 en 1 USB 3.0, Noir",Hama,"12,49 €",1,"12,49 €","7,50 €",1,
B0BL1T6W5M,"Hama MW-400 V2 Souris sans Fil - Technologie 2.4Ghz, Capteur 1600 dpi, Technologie Smart-Link, Droitier/e - Noire",Hama,"12,49 €",1,"12,49 €","10,85 €",1,
B0C5JQM1NJ,"Hama Uni-C Rotate Pro Clé USB 3.1 - Flash Drive 64 Go, Vitesse jusqu'à 70 Mo/s, Clef avec connecteur USB C, pour PC/Mac - Argenté",Hama,"12,49 €",1,"12,49 €","8,20 €",1,
B009X8SFSY,"Hama ""Fine Art"" Spiral Album, 24 x 17 cm, 50 Photos, azure",Hama,"12,48 €",2,"12,48 €","7,86 €",2,
B005DJKGWA,"Hama Album Photo Singo (Album Auto-adhésif, 28 x 31 cm, 20 Pages, pour 60 Photos au Format 10 x 15 cm) Aqua",Hama,"11,98 €",1,"11,98 €","4,51 €",1,
B00006J4FD,"Hama Multiprise 6 Prises 16A avec Interrupteur (Rallonge multiprises 1.4m, Bloc 6 Prises Type F Schuko, 3680W Max, Idéal Bureau PC luminaires, Atelier, Meuble TV, Garage) Blanc",Hama,"11,87 €",1,"11,87 €","5,12 €",1,
B005SS65GW,"Hama Chiffon 3 en 1 (pour ordinateur portable avec écran de 40 cm (15,6""), tapis de souris, en microfibre, film de protection, chiffon de nettoyage) Anthracite",Hama,"11,69 €",1,"11,69 €","4,55 €",1,
B000JIA828,"Hama Pochettes de protection (en papier pour CD/DVD/Blu-Ray, lot de 100) Bleu/Vert/Orange/Rouge/Jaune",Hama,"11,66 €",1,"11,66 €","5,43 €",1,
B08BFMYCJ2,"Hama Album photo Jumbo ""Romance"" à personnaliser (Album Photo Livre de Mariage ou naissance bébé, Livre d'or ou cadeau, 22,5x22 cm, 100 pages, Motif cœur, Titre Love, 200 photos 10x15 cm) Beige/Blanc",Hama,"11,66 €",1,"11,66 €","7,01 €",1,
B0CN9J2CSF,"Hama Télécommande Universelle, Remplacement de Télécommande TV LG/Samsung/Sony/Hitachi/TCL/Philips/Panasonic Smart TV, Infrarouge, controlez jusqu'à 8 appareils, Touche App Noir",Hama,"11,66 €",1,"11,66 €","7,38 €",1,
B00005V37U,"Hama Tapis de souris porte-documents (personnalisable avec photos, images ou cartes postales, 23 x 19,5 cm) Transparent/Noir",Hama,"11,65 €",1,"11,65 €","4,93 €",1,
B00006J9XX,"Hama Bloc 3 Prises Avec Terre 16A (Rallonge multiprises 1.4m, Prises Multiple Contact de Terre, Bloc Multiprise electrique Schuko, 3680W, ) Blanc",Hama,"11,64 €",2,"11,64 €","6,22 €",2,
B0C5JPTNRF,"Hama Pages Intérieures Album Photo Scrapbooking (Recharge de Pages Photo Cartonnées, 250g/m2, 23.3 x 31 cm, Perforées, 25 feuilles) Noir",Hama,"11,64 €",2,"11,64 €","7,62 €",2,
B0000AITJE,"Hama Chevalet ""Clip-Fix"" (en fer, 24 x 30 cm) Argent",Hama,"11,64 €",2,"11,64 €","6,54 €",2,
B009TLAQ3M,"Hama Album Photo ""Fine Art"" (format 28 x 24 cm, 50 pages noires, à spirale) Azur",Hama,"11,62 €",1,"11,62 €","5,63 €",1,
B009TLAOA2,"Hama Album Photo ""Fine Art"" (format 28 x 24 cm, 50 pages noires, à spirale) Turquoise",Hama,"11,62 €",1,"11,62 €","5,63 €",1,
B00005K49U,"Hama Filtre UV 58mm (Ultraviolet Filtre de Protection UV pour Objectif Appareil Photo, Anti-UV + Protection + Anti-Reflet, Traité Double Couche par Face, Verre Qualité Supérieure)",Hama,"11,57 €",1,"11,57 €","6,66 €",1,
B00006IVJJ,"Hama Nettoyeur de contacts en fibre de verre ""Glass Fibre"" (gomme à effacer, en fibre de verre pour contacts électriques, fibre de verre) Noir/Blanc",Hama,"11,25 €",1,,,,
B006L9T90G,"Ventilateur USB avec LEDs de couleur",Hama,"11,09 €",1,"11,09 €","5,79 €",1,
B0000AHIBP,"Hama Boîtier standard (pour 3 DVD, convient également aux CD et disques Blu-ray, avec film pour l'insertion de la jaquette, lot de 5) Noir",Hama,"11,06 €",1,"33,18 €","14,19 €",3,
B00006JBFP,"Hama Filtre UV (anti-UV et protection, compensation 2X, traitement antireflet, pour objectifs d'appareils photo 72 mm, O-Haze, traité) Noir",Hama,"10,99 €",1,"10,99 €","6,30 €",1,
B000HWYAL6,"Hama Support universel (pour véhicule, support, pour vitre/grille de ventilation) Noir",Hama,"10,82 €",1,"10,82 €","9,98 €",1,
B07BB2FQR1,"Hama Album photo traditionnel ""Rustico"" (grand format, album de 30 x 30 cm, 100 pages blanches, 400 photos au format 10x15, idéal pour le scrapbooking, photos à coller) Love Key",Hama,"10,82 €",1,,,,
B06XB3M3NX,"Hama Album photo ""Liam"" (pour 200 photos au format 10 x 15 cm, album traditionnel enfant de 22,5 x 22 cm, 100 pages blanches, tigre, élégant) Marron/Orange/Noir/Blanc",Hama,"10,82 €",1,"10,82 €","6,51 €",1,
B00KA4516Y,"Hama Ventilateur USB avec affichage de la température",Hama,"10,82 €",1,"10,82 €","7,54 €",1,
B07F3RKPTB,"Hama Support mural pour Google Home mini (pour enceinte sans/avec fil, support d'enceinte, pour un alignement et une présentation optimaux de l'enceinte, montage mural) Blanc",Hama,"10,82 €",1,,,,
B000EOVQI2,"Hama Boîtier CD Slim, Lot de 10, Transparent",Hama,"10,82 €",2,"16,23 €","9,45 €",3,
B00006JEAY,"Hama Filtre UV (anti-UV Et Protection, Compensation 2X, Traitement Antireflet, Pour Objectifs D'appareils Photo 49 Mm, O-Haze, Traité) Noir",Hama,"10,48 €",1,"204,71 €","92,12 €",22,
B000Y13DPE,"Hama Boîtier CD Slim en polypropylène, Lot de 20, Assortiment de Couleurs",Hama,"9,99 €",1,"19,98 €","12,74 €",2,
B0BL2PTSJM,"Hama Chargeur Secteur USB (Bloc Secteur USB-A, 6W, 5V/ 1.2A, Adaptateur Secteur Universel, Chargeur Replacement pour iPhone 14/14 Pro Max, Samsung Galaxy, Sony, Xiaomi, Huawei, Wiko) Blanc",Hama,"9,99 €",1,"9,99 €","7,45 €",1,
B006JNYOGI,"Hama Cadre photo en plastique ""Sevilla"" Argent Mat (taille du Cadre de 21 x 29,7 cm (DIN 4) avec bordure de 9 mm x 17 mm, pour une photo de 15 x 20 cm, verre en polystyrène) Argent Mat",Hama,"9,98 €",2,"14,97 €","10,50 €",3,
B004IYLMHE,"Hama Clé USB 2.0 ""Rotate, 8 GB (10 MB/s, Flashpen Rotate) Noir/Argenté",Hama,"9,98 €",2,"9,98 €","7,00 €",2,
B000VRE3T6,"Hama Album Photo Fine Art (Format 28 x 24 cm, 50 Pages Noires, à Spirale) Bordeaux",Hama,"9,57 €",1,"9,57 €","5,63 €",1,
B005DJKJ2C,"Hama Album, Vert, 30x30 cm",Hama,"9,16 €",1,"9,16 €","6,41 €",1,
B00006JCYV,"Hama Bague d'adaptation pour monter un filtre de 72mm sur un objectif de 62mm",Hama,"8,78 €",1,"8,78 €","10,86 €",1,
B01HPB98DG,"Hama C-Laeta Clé USB 3.1 Gen 1 - Flash Drive 16 Go, Vitesse jusqu'à 40 Mo/s, Clef avec connecteurs USB A & USB C, pour PC/Mac/Tablette et Smartphone - Argentée",Hama,"8,74 €",1,"8,74 €","7,20 €",1,
B01KFLHB1E,"Hama Album photo vierge ""Bernd"" (album photo traditionnel format 22,5 cm x 22 cm, 100 pages, pour 200 photos 10 cm x 15 cm) Marron/Blanc/Noir",Hama,"8,74 €",1,"8,74 €","5,58 €",1,
B005DJXYY2,"Hama Album Photo ""Singo"" (album minimax, 13 x 16,5 cm, 100 pages, pour 100 photos au format 10 x 15 cm) Aqua",Hama,"8,61 €",1,"17,22 €","6,06 €",2,
B0BKZ1C59D,"Hama Support Téléphone Voiture Compact (pour Smartphones Largeur de 5.5 à 8.5 cm, Fixation Clip Grille aération, pivotable 360°) Noir",Hama,"8,32 €",1,"8,32 €","5,22 €",1,
B0009V6OBE,"Hama Pochettes de Protection (en Papier pour CD/DVD/Blu-Ray, Lot de 50) Blanc/Transparent",Hama,"8,32 €",2,"16,64 €","10,20 €",4,
B00006JAOZ,"Hama Fusibles en Verre (fusible de voiture, 40A, 10 x 38mm, plaqué or, 2 pièces) Or/Transparent",Hama,"8,32 €",2,"12,48 €","5,34 €",3,
B003B0RIX8,"Hama Multiprise 6 Prises (multiprise avec Interrupteur Save Energy pour économiser de l'énergie, Fentes tournées à 45 degrés, Protection Accrue, câble de 1,4 m, certifié GS Noir)",Hama,"8,32 €",1,"8,32 €","6,48 €",1,
B07N6HRNMP,"Hama Album photo ""Summerly"" (couverture souple, 24 pages pour 24 photos au format 10x15 cm, résistant, pour archiver avec des anecdotes, protège la photo, mini album) Motifs Aléatoires",Hama,"7,96 €",2,"7,96 €","1,58 €",2,
B003KKWLJA,"Xavax Raccord de tuyau d' arrivée d'eau en laiton (pour tuyaux d’arrivée de lavage et de lave-vaisselle, embout de tuyau d’admission) Dorée",xavax,"7,77 €",1,"7,77 €","4,14 €",1,
B0050GRM28,"Hama Pochette Ready for Business (pour Stocker 24 CD/DVD/Blu-Ray, 6 emplacements pour Carte mémoire) Noir",Hama,"7,49 €",1,,,,
B006WYIWVM,"Hama 2 Clés de desserrage pour filtres Photo (pour filtres de 62 à 86mm) Noir",Hama,"7,49 €",1,"7,49 €","5,91 €",1,
B084HZN6S4,"Hama Album Photo ""Fine Art"" (format 24 x 17 cm, 36 pages blanches, sans spirale) Sable",Hama,"7,49 €",1,"7,49 €","5,73 €",1,
B0C5JL7TV8,"Hama Pages Intérieures Album Photo Scrapbooking (Recharge de Pages Photo Cartonnées avec Papier Cristal de Protection, 250g/m2, 23.3 x 31 cm, Perforées, 25 feuilles) Blanc",Hama,"7,49 €",1,"7,49 €","4,79 €",1,
B01K47G660,"Mini album photo à pochettes pour 40 photos au format 10 x 15 cm, noir",Hama,"7,48 €",2,"7,48 €","5,30 €",2,
B001UBBJC6,"Hama Album Photo Fine Art (Format 24 x 17 cm, 50 Pages Noires, à Spirale) Gris",Hama,"7,07 €",1,"7,07 €","3,93 €",1,
B08YRZZ4V3,"Hama Adaptateur Audio, fiche Jack mâle 3,5 mm- f. Femelle RCA, stéréo, Métal, Garantie 10 Ans, Noir",HAMA,"6,99 €",1,"6,99 €","4,30 €",1,
B00006JAOU,"Hama Fusibles en verre (fusible voiture, 60A, , AGU, 10 x 38mm, plaqué or, 2 pièces) Or/Transparent",Hama,"6,53 €",1,,,,
B009X8SEOO,"Hama ""Fine Art"" Spiral Album, 24 x 17 cm, 50 Photos, kiwi",Hama,"6,24 €",1,"6,24 €","3,93 €",1,1
B007WAYTLM,"Hama Tapis de Souris pour Souris Laser (Auto-adhésif, Amovible) Noir",Hama,"6,24 €",1,"6,24 €","4,57 €",1,
B0000AISQJ,"Hama Passe-partout Premium, blanc neige, 30 x 40 cm",Hama,"5,82 €",1,,,,
B0000AISQG,"Hama Passe-partout Premium, ivoire, 30 x 40 cm",Hama,"5,82 €",1,"5,82 €","3,05 €",1,
B003LSETI2,"Hama Sangle pour Bagages (Sangle simple pour la Fermeture Sécurisée de la Valise lors d'un Voyage, 5 x 200 cm) Noir",Hama,"5,82 €",1,"5,82 €","4,47 €",1,
B0000AIS8P,"Hama Cadre photo en plastique ""Décor Sevilla"" (taille du Cadre de 21 x 29,7 cm (DIN 4) avec bordure de 9 mm x 17 mm, pour une photo de 15 x 20 cm) Argent Mat",Hama,"5,42 €",1,"5,42 €","3,50 €",1,
B001JTTAPW,"Hama Boîtier double (pour DVD, convient également aux CD et disques Blu-ray, avec film pour l'insertion de la jaquette, lot de 5) Transparent",Hama,"5,41 €",1,"5,41 €","3,51 €",1,
B075RJLTJW,"Hama Album Photo ""Fine Art"" (format 24 x 17 cm, 50 pages blanches, à spirale) Bordeaux",Hama,"4,99 €",1,"4,99 €","2,65 €",1,
B00006JCX6,"Hama Anneaux brisés triangulaires, anguleux, 6 pièces",Hama,"4,99 €",1,"4,99 €","4,91 €",1,
B0B59QYN7N,"Hama Adaptateur Secteur 2 Compartiments 2 Prises Euro, Pack de 2 Adaptateurs, Blanc",HAMA,"4,99 €",1,"4,99 €","3,19 €",1,
B08C2DRXZK,"Hama Déclencheur à Distance Bluetooth BRS3 (Télécommande Bluetooth pour Appareil Photo de Smartphone et Tablette, portée 10m, idéal Selfies créatifs sur Instagram, TikTok, Youtube, Facebook) Noir",Hama,"4,92 €",1,"4,92 €","3,45 €",1,
B005DJXZ7I,"Hama Album Photo Singo (Album minimax, 13 x 16,5 cm, 100 Pages, pour 100 Photos au Format 10 x 15 cm) Orange",Hama,"4,57 €",1,"4,57 €","2,97 €",1,
B00006JAS7,"Hama lot de 2 Fiches d’antenne coaxiale TV (Diam 9.52mm, 1 Mâle+1 Femelle), Blanc",Hama,"3,74 €",1,"3,74 €","2,33 €",1,
B01K47G7VO,"Mini album photo à pochettes ""La Fleur"" pr 40 photos 10 x 15 cm, blc",Hama,"3,74 €",1,"3,74 €","2,49 €",1,
B0000AHIFI,"Hama Passe-partout Premium, blanc neige, 20 x 30 cm",Hama,"3,74 €",1,"3,74 €","1,74 €",1,
B00006J9VM,"Hama Boîtier Multipack (pour 6 CD/DVD/Blu-Ray, Multipack, 6 in 1, étui de Protection pour CD) Noir/Transparent",Hama,"3,32 €",1,"6,64 €","4,72 €",2,
B0000AHIEM,"Hama Passe-partout, blanc arctique, 24 x 30 cm",Hama,"3,32 €",1,"3,32 €","2,01 €",1,
B08YRVXB6R,"Hama Adaptateur audio, jack mâle 3,5 mm-2 jacks stéréo femelle 3,5m, stéréo, Garantie 10 ans, Argent, Noir",HAMA,"3,32 €",1,"3,32 €","0,00 €",1,
B008H7TK4A,"Tapis de souris, Rouge",Hama,"2,49 €",1,,,,
B08YS3LP36,"Hama Adaptateur de prise d'antenne Coaxiale (Raccord Connecteurs Coaxial, Adaptateur SAT, Fiche Coaxiale F femelle vers Fiche coaxiale mâle)",Hama,"2,07 €",1,"2,07 €","2,40 €",1,
B097HN8V5V,"Hama Câble d'Antenne TV (Cable TV Coaxial Mâle - Coaxial Femelle, 85 db, 1.5m, Connexion d'un Téléviseur vers une Fiche TV Murale ou vers un Décodeur) Blanc",Hama,"0,00 €",0,,,,2
B001F536RS,"THOMSON Microphone Dynamique M135 (Microphone Karaoké Filaire, Motif cardioïde, fiche Jack 3,52 mm, Longueur de câble 3 m, idéal Karaoké, Chant, Live, Conférence, Mariage) Noir",Thomson,"0,00 €",0,,,,
B003B0RIUQ,"Hama Bloc ménager de 3 prises avec interrupteur,sécurité enfants,1,4m, noir",Hama,"0,00 €",0,,,,
B007WAYQRY,"Hama Tapis de souris (1 pièce, taille de 22,3 cm x 18,3 cm x 0,6 cm, en EVA/Jersey) Couleur aléatoire parmi Bleu/Rouge",Hama,"0,00 €",0,,,,1
B005DJXZIM,"Hama Album Photo Singo (Album minimax, 13 x 16,5 cm, 100 Pages, pour 100 Photos au Format 10 x 15 cm) Vert",Hama,"0,00 €",0,"13,54 €","5,94 €",2,
B09V1K3Y9M,"Hama Applique Murale LED Connectée (Éclairage mural WiFi Design Up-and-Down, pour Intérieur et Exterieur IP44, Commande vocale via Alexa, Google Assistant, Siri) Blanc",Hama,"0,00 €",0,,,,1
B07HY9LK8J,"Rapoo Clavier multimédia USB Filaire ""N2400"" (filaire, clavier d'ordinateur AZERTY, design, idéal pour les maladroits) Noir",Rapoo,"0,00 €",0,,,,1
B0BL1T8KYR,"Hama Lampe Annulaire LED avec Support (Ring Light LED Portatif, Reglable, Anneau Lumineux 10.2 Pouces, Extensible 52 à 138cm, Télécommande Filaire, Cold Shoe fournis)",Hama,"0,00 €",0,,,,
B078T73Z22,"Hama Souris sans Fil avec Mini Récepteur USB MW-110 (Résolution Capteur 1000 PPP, 2.4 Ghz, pour Droitiers & Gauchers, 3 Boutons, Ultra-Compacte, idéale PC, Mac, Ordinateur Portable, Tablette) Noir",Hama,"0,00 €",0,"19,98 €","13,20 €",3,
B07GYJDYYF,"Chiffon de nettoyage universel, 20 x 20 cm, jaune",Hama,"0,00 €",0,"5,37 €","2,83 €",1,
B079WF7RLR,"Hama Support Mural TV FULLMOTION (pour Une Diagonale d’écran de 81 à 165 cm (32"" à 65""), VESA Jusqu’à 400 x 400, Bras en Ciseaux) Noir",Hama,"0,00 €",0,"42,94 €","30,12 €",1,
B0BL1TTRPY,"Hama Cordon Alimentation, coudé des 2 côtés, fiche Euro, Forme en 8/C7, 1,5m, Blanc",Hama,"0,00 €",0,"7,49 €","5,29 €",1,
B09RGXWK99,"Hama Casque-Micro pour téléphone sans Fil (Casque Supra aural avec Arceau Ouvert Ajustable, Réglage Volume sur Le câble, Jack 2.5 mm, 1.20 m, Garantie 10ans) Noir/Argent",Hama,"0,00 €",0,,,,
B0000AIS8M,"Hama Cadre photo en plastique ""Décor Sevilla"" (taille du Cadre de 21 x 29,7 cm (DIN 4) avec bordure de 9 mm x 17 mm, pour une photo de 15 x 20 cm) Or Mat",Hama,"0,00 €",0,,,,
B000L10VLQ,"Hama Vide-poche (format DIN) Noir",Hama,"0,00 €",0,"11,58 €","10,98 €",1,
B08SFDDNWD,"Hama Câble USB C 0,75m Garantie 30ANS (USB C vers USB, Câble de Charge Rapide 3A, Cable iphone 16/15, Samsung S22/S21/S20/S10) Noir",Hama,"0,00 €",0,,,,
B07GL8PS46,"Hama Album Photo ""Fine Art"" (format 30 x 30 cm, 100 pages noires, sans spirale) Bordeaux",Hama,"0,00 €",0,,,,1
B0000AHIF7,"Hama Cadre portrait (taille de cadre 10x15 cm, taille de photos 10x15 cm, acrylique, format vertical, en plastique, 1 photo par cadre, élégant, simple, classique) Gris",Hama,"0,00 €",0,,,,
B0BL1RL5YW,"Hama Chargeur Rapide 33W 4 Ports USB (Chargeur Qualcomm Quick Charge 3.0, Chargeur USB, Adaptateur Secteur Charge Rapide, 1 USB-A QC, 3 USB-A) Noir",Hama,"0,00 €",0,,,,2
B081S4YTDT,"Tige pour Selfie Funstand 57"", avec déclench. à dist. Bluetooth, Noir",Hama,"0,00 €",0,,,,
B075RGTRF5,"Hama Album Photo Fine Art (Format 36 x 32 cm, 50 Pages Blanches, à Spirale) Bordeaux",Hama,"0,00 €",0,,,,1
B01I0ZHZ1I,"Hama Support mural TV TILT inclinable pour TV écran plat entre 48 cm et 122 cm (19"" à 48""), jusqu'à 25 kg de charge supportée, VESA 200x200, Noir",Hama,"0,00 €",0,,,,1
B009X8SIV8,"Hama Album Photo ""Fine Art"" (format 28 x 24 cm, 50 pages noires, à spirale) Taupe",Hama,"0,00 €",0,"9,11 €","5,63 €",1,
B009HSQ3OS,"Hama Fine Art 50 pages Noires/à spirales 10608, Rose, 36 x 32 cm",Hama,"0,00 €",0,"14,16 €","8,45 €",1,
B017JY56TY,"Hama Album Photo ""Fine Art"" (format 36 x 32 cm, 50 pages blanches, à spirale) Kiwi",Hama,"0,00 €",0,"11,24 €","7,26 €",1,
B005DJXZSC,"Hama Album Photo Singo (Album minimax, 13 x 16,5 cm, 100 Pages, pour 100 Photos au Format 10 x 15 cm) Rose",Hama,"0,00 €",0,"8,29 €","2,97 €",1,
B0BL1RYFT8,"Hama MW-300 V2 Souris sans Fil - Technologie 2.4Ghz, Capteur 1600 dpi, Clics Silencieux, Ambidextre - Rouge",Hama,"0,00 €",0,"9,16 €","7,89 €",1,
B07TWSY81M,"Hama Album photo livre Scrapbooking Enfants et Adultes (pour 30 photos 15x15 cm, Dim. 18x18 cm, 30 pages blanches, Parfait pour un cadeau unique et toutes les occasions) Multicolore",Hama,"0,00 €",0,"5,41 €","3,26 €",1,
B0000AIRRP,"Hama Cadre photo ""Clip-Fixe"" (sans bordure, 40 x 60 cm, Anti-Reflex) Blanc",Hama,"0,00 €",0,,,,1
B001K9LNA6,"Hama Support Télécommande TV Commander (porte-télécommande TV Chaine Hifi DVD Blue-Ray, 3 grands compartiments, Boite de Rangement organiseur lunettes, smartphones, contrôleurs) Noir",Hama,"0,00 €",0,,,,
B009TLAPLK,"Hama Album Photo ""Fine Art"" (format 28 x 24 cm, 50 pages noires, à spirale) Kiwi",Hama,"0,00 €",0,,,,
B0000AI2UP,"Hama Cadre photo ""Clip-Fixe"" (sans bordure, 50 x 70 cm, Anti-Reflex) Blanc",Hama,"0,00 €",0,,,,
B00F2BNE82,"Hama Album Photo ""Fine Art"" (format 22,5 x 22 cm, 80 pages blanches, sans spirale) Gris",Hama,"0,00 €",0,"16,64 €","10,68 €",2,
B0BL1QRYP7,"Hama MW-400 V2 Souris sans Fil - Technologie 2.4Ghz, Capteur 1600 dpi, Technologie Smart-Link, Droitier/e - Verte",Hama,"0,00 €",0,"12,49 €","10,94 €",1,
B000EOQT48,"Hama Monopode Star 78 Mono (unidirectionnel léger à tête à Trois Voies, 61-176 cm, 3D) Champagne",Hama,"0,00 €",0,,,,
B00006JDJU,"Hama - 46020H - Micro monophonique, finition noire métal, jack de 3,5mm et adaptateur 3,5/6,35 mm, interrupteur marche/arrêt sur le micro, 600 Ohms, dynamique et unidirectionnel - Cordon 3.00m",Hama,"0,00 €",0,,,,1
B084HZJ2TV,"Hama Album Photo ""Fine Art"" (format 30 x 30 cm, 80 pages blanches, sans spirale) Vert Tilleul",Hama,"0,00 €",0,"31,74 €","18,56 €",2,
B0002W6FOQ,"Hama Etui universel (pour cartes mémoire, pour cartes CF/SM/SD/MMC/xD/MStick, pour 20 cartes) Noir/Gris",Hama,"0,00 €",0,,,,
B07ZBSXF1F,"Hama Trépied Appareil Photo Smartphone Caméra (Trépied Monopode en Aluminium, Compact, Pliable, Attache Rapide, Filetage 6.4mm, 50-165 cm Max)",Hama,"0,00 €",0,"72,42 €","74,20 €",1,
B06XB66B6Y,"Hama Album photo vierge ""Lazise"" (album photo traditionnel 29 cm x 32 cm, 50 pages blanches, pour 250 photos 10 cm x 15 cm, format maximum 28 cm x 31 cm) Rose/Noir/Blanc",Hama,"0,00 €",0,"18,24 €","9,31 €",1,
B0187XDXPA,"Hama Casque Essential HS 300"" avec Microphone (Ultra-léger, Oreillettes rembourrées, Casque stéréo, chaîne stéréo, réglage du Volume sur Le câble, Longueur de câble de 2 m, Prise Jack 3,5 mm) Noir",Hama,"0,00 €",0,,,,1
B00AJJJNE6,"Hama Blu-Ray de nettoyage (pour tête de lecture, pour éliminer la poussière dans les lecteurs de Blu-Ray, Blu-Ray de nettoyage, emballage sans frustation) Blanc/Bleu/Rouge",Hama,"0,00 €",0,,,,
B078T7GHFK,"Hama Souris Optique Filaire MC-100-3 Boutons - Ergonomique, Précise, USB Plug & Play - Compatible Windows, Mac, Linux - Idéale pour Bureautique, Droitiers et Gauchers - Noire",Hama,"0,00 €",0,,,,
B000VRANHW,"Hama Album Photo ""Fine Art"" (format 28 x 24 cm, 50 pages noires, à spirale) Noir 00090145",Hama,"0,00 €",0,,,,1
B09RGWV4NB,"Hama Casque-Micro pour téléphones sans Fil (Intra-Auriculaire, Contour d'oreille Réglable, Bras de Micro Flexible, Jack 2.5 mm, Qualité Audio Cristaline, 32 Ω, 1.2m, Garantie 10ans) Noir",Hama,"0,00 €",0,,,,1
B000VRCKS2,"Hama Album Photo Fine Art (Format 24 x 17 cm, 50 Pages Noires, à Spirale) Bleu",Hama,"0,00 €",0,,,,1
B084YZ2MYN,"Hama Batterie Externe Power Bank 26800mAh (Bloc Alimentation Portatif, Chargeur Portable Universel pour PC/MacBook/iPone/Nintendo Switch, USB-C/USB-A, Power Delivery, 5 à 20V/60W, Thunderbolt) Noir",Hama,"0,00 €",0,,,,
B0000AIRSP,"Hama Boîtier ""Slim"" quadruple (pour CD et disques Blu-ray, ultra mince, avec une feuille pour la couverture, pour 4 CD, lot de 10) Transparent",Hama,"0,00 €",0,,,,
B00475DSKS,"Xavax Siphon (pour évier, lave-linge et lave-vaisselle, 1,5"", 2 ports pour siphon 1"" (2,54 cm) et 2 pièges à odeurs, flexible) Blanc/Noir",xavax,"0,00 €",0,,,,
B0CYQG5C59,"Hama Album Photo pochette et zone Mémo ""Singo II"" (200 photos 10x15cm,100 pages, Format 22.5x22cm, Pochette carte mémoire, motifs Zen) Terracotta",Hama,"0,00 €",0,"41,64 €","23,96 €",4,
B00005QFA6,"Hama Bague d'adaptation (en métal, pour monter un Filtre de 58 mm sur un Objectif de 52 mm) Noir",Hama,"0,00 €",0,,,,3
B00EYVW7TI,"Hama Multiprise 6 Prises 16A avec Interrupteur (Rallonge multiprises 3m, Bloc 6 Prises Type F Schuko, 3680W Max, Idéal Bureau PC luminaires, Atelier, Meuble TV, Garage, sécurité Enfants) Noir",Hama,"0,00 €",0,,,,
B00006J4HS,"Hama Présentoir de Distributeur de pastilles adhésives (10 distributeurs, 500 coins photos, diamètre de 10 mm, PP anti statique) Transparent",Hama,"0,00 €",0,"6,97 €","1,65 €",1,
B0BL1R1718,"Hama Ring Light LED avec Trépied 12"" 215cm 'Spotlight Steady 120 II' (Selfie Anneau Lumineux, Lampe annulaire Réglable pour TIKtok/Youtube/Live Stream/Maquillage) Noir",Hama,"0,00 €",0,"65,75 €","52,67 €",1,
B01K47I1TK,"Hama Album Jumbo ""Skies"" (album grand format, 30 x 30 cm, 60 pages, pour 240 photos au format 10 x 15 cm) Gris",Hama,"0,00 €",0,"42,81 €","17,04 €",3,
B00NBLSLF6,"Hama Adaptateur secteur (prise de voyage pour : Royaume Uni, Hong Kong, Arabie saoudite, … Emirats Arabes Unis à utiliser pour les prises de : Allemagne, Espagne, France, Turquie, … Type G) Blanc",Hama,"0,00 €",0,,,,
B0000AHIER,"Hama - 63233 - Passe-partout Premium, blanc neige, 24 x 30 cm",Hama,"0,00 €",0,,,,2
B00UV84E4O,"Hama Album photo vierge ""Anzio"" (album photo traditionnel format 22,8 cm x 22,3 cm, pour 200 photos 10 cm x 15 cm, 100 pages, instax, minimax, idéal pour un mariage) Beige/Noir",Hama,"0,00 €",0,"13,89 €","6,38 €",1,
B000VRCKT6,"Hama Album Photo ""Fine Art"" (format 36 x 32 cm, 50 pages noires, à spirale) Bleu",Hama,"0,00 €",0,"16,20 €","8,53 €",1,
B0000AISOV,"Hama Cadre photo Clip-Fixe (sans bordure, 30 x 30 cm, Reflex) Blanc",Hama,"0,00 €",0,,,,1
B01CQ54W6E,"Hama Casque Essential HS 200"" avec Microphone (Ultra-léger, Oreillettes rembourrées, Casque stéréo, chaîne stéréo, réglage du Volume sur Le câble, Longueur de câble de 2 m, Prise Jack 3,5 mm) Noir",Hama,"0,00 €",0,,,,1
B0000AI3G4,"Hama Cadre en plastique ""Madrid"" (taille de cadre de 50 cm x 70 cm, taille de la photo de 30 cm x 45 cm, 1 photo par cadre, à accrocher, élégant, simple, classique) Noir",Hama,"0,00 €",0,,,,2
B07BB6L952,"Hama Spray de nettoyage AntiDust (250 ml, gaz stable, nettoyant appareils photo, ordinateurs, claviers, vanne de pulvérisation, tube capillaire) Blanc - Bleu",Hama,"0,00 €",0,,,,
B017JY5APO,"Hama Fine Art à Spirales 50 Pages Noires 2109, Craie, 36 x 32 cm",Hama,"0,00 €",0,,,,1
B001JTTAQ6,"Hama Boîtier ""Slim"" double (pour DVD, convient également aux CD et disques Blu-ray, ultra mince, avec une feuille pour la couverture, lot de 5) Transparent",Hama,"0,00 €",0,,,,
B0C2PHJJ9H,"Hama EMW-700 Souris Verticale Ergonomique sans Fil - Technologie 2.4Ghz & Bluetooth® 4.2, Rechageable en USB C, Eclairage RGB, Capteur 2400 dpi, Multi-Devices - Grise Anthracite",Hama,"0,00 €",0,"40,15 €","35,25 €",1,
B00005KHTE,"Hama Filtre polarisant (circulaire, Traité, 77mm, 2 couches par face) Noir",Hama,"0,00 €",0,,,,
B00X3NTCIC,"Hama Laeta Twin Clé USB 3.0 - Flash Drive 128 Go, Vitesse jusqu'à 40 Mo/s, Clef avec connecteurs USB A & Micro USB, pour PC/Mac/Tablette et Smartphone - Grise",Hama,"0,00 €",0,,,,
B0000AHIKN,"Hama Cadre photo ""Clip-Fixe"" (sans bordure, 10,5 x 15 cm, Reflex) Blanc",Hama,"0,00 €",0,,,,
B005DJKJIQ,"Hama Album Photo ""Singo"" (album grand format, 30 x 30 cm, 100 pages, pour 400 photos au format 10 x 15 cm) Rose",Hama,"0,00 €",0,,,,
B00006J4DM,"Hama Adaptateur d'antenne (DIN mâle - ISO Femelle) Argent",Hama,"0,00 €",0,,,,
B01KJER734,"Hama 24 Albums photos ""Skies"" (couverture souple, 24 pages pour 24 photos au format 10x15 cm par album, résistant, pour archiver avec des anecdotes, protège la photo, mini album) Multicolore",Hama,"0,00 €",0,,,,1
B084J116L1,"Hama Album Photo ""Fine Art"" (format 30 x 30 cm, 80 pages blanches, sans spirale) Lilas",Hama,"0,00 €",0,"17,42 €","9,27 €",1,
B075RHN1M4,"Hama Album Photo Fine Art (Format 28 x 24 cm, 50 Pages Blanches, à Spirale) Bordeaux",Hama,"0,00 €",0,,,,2
B000Z1UORI,"Hama Album Photo Fine Art (Format 24 x 17 cm, 50 Pages Noires, à Spirale) Noir",Hama,"0,00 €",0,"7,07 €","3,93 €",1,
B0002VFL1K,"Hama Pochettes pour CD-ROM/DVD-ROM (Pochettes CD plastique, pochette de protection colorées, lot de 50, Multicolore) Bleu/Orange/Violet/Rose/Vert",Hama,"0,00 €",0,"7,07 €","4,84 €",1,
B08N1G1NWR,"Hama Lampe annulaire Ringlight LED 'SpotLight Work Area 67' (pour Smartphone/Tablette, support lumineux, idéal pour les vlogers, tiktok, instagram, facebook, Youtube) Noir",Hama,"0,00 €",0,"18,32 €","16,01 €",1,
B09FBSCB6Q,"Hama Album photo à spirale ""Craft"" (Album souvenirs mariage, anniversaire, baptême, 24x17 cm, 40 pages en papier Kraft chic à personnaliser et à coller, jusqu'à 40 photos de 10 x 15 cm) Marron",Hama,"0,00 €",0,"7,30 €","4,65 €",1,4
B017JY4WEY,"Hama ""Fine Art"" Spiral Album, 24 x 17cm, 50 Photos, chalk",Hama,"0,00 €",0,,,,
B017JY5E7S,"Hama Album Photo ""Fine Art"" (format 28 x 24 cm, 50 pages noires, à spirale) Craie",Hama,"0,00 €",0,,,,1
B08M3X6PFG,"Hama Album Photo Couverture Rigide Tissu 30x30cm (Livre Photo, 400 photos 10 x 15cm à coller, 100 pages blanches separées par Papier Cristal, Album Scrapbooking DIY à Personnaliser) Bordeaux",Hama,"0,00 €",0,,,,
B000X1BGWM,"Hama Fiche universelle pour prises d' allume-cigares (fiche de sécurité 16 A prise allume-cigare, câbles jusqu'à 2 x 2,5 mm², 6V - 24V, avec serre-câble) Rouge/Noir",Hama,"0,00 €",0,"18,32 €","12,72 €",2,
B00005K4A5,"Hama Filtre polarisant (Circulaire, Traité, 72mm, 2 Couches par Face) Noir",Hama,"0,00 €",0,"24,92 €","21,20 €",1,
B0BL1R3S16,"Hama Câble iPhone (Câble Lightning Certifié MFI, Câble Chargeur iPhone USB/Lightning, 1.5m, Refléchissant, Idéal Apple iPad/iPhone 14 13 12 11 Pro Max Plus mini SE XS Max XR X 8 7) Bleu",Hama,"0,00 €",0,"20,82 €","15,18 €",1,
B06XB6RY6Q,"Hama Album photo ""Joana"" (pour 100 photos au format 10 x 15 cm, album traditionnel enfant de 25 x 25 cm, 50 pages blanches, château, licorne, élégant) Rose/Blanc",Hama,"0,00 €",0,,,,
B01JUB4KNC,"Trépied Appareil Photo Star 64""",Hama,"0,00 €",0,,,,
B079PBY42T,"Hama Pochettes extérieures pour vinyles (pour 33 tours, 10 pièces, 32,7 x 0,07 x 32,5 cm) Transparent",Hama,"0,00 €",0,"7,91 €","5,96 €",1,
B08YS3GKHM,"Hama Adaptateur vidéo, fiche VGA - Port DVI, Full-HD 1080p, Métal, Garantie 10 Ans, Noir",HAMA,"0,00 €",0,"5,82 €","6,60 €",1,
